pe,run,task_id,op_name,start_ts,end_ts,wait_start_ts
0,0,0,GETRF(0),1777844079683396864,1777844079818580224,0
0,0,1,TRSM_R(1,0),1777844079686622464,1777844079944401152,0
0,0,3,TRSM_R(2,0),1777844079686622464,1777844079944359168,0
0,0,5,TRSM_R(3,0),1777844079686622464,1777844079944322304,0
0,0,7,TRSM_R(4,0),1777844079686622464,1777844079944443136,0
0,0,8,TRSM_L(0,4),1777844079686622464,1777844079931320576,0
0,0,9,TRSM_R(5,0),1777844079686622464,1777844079944443136,0
0,0,11,TRSM_R(6,0),1777844079686622464,1777844079944444160,0
0,0,13,TRSM_R(7,0),1777844079686622464,1777844079944444160,0
0,0,15,TRSM_R(8,0),1777844079686623488,1777844079944444160,0
0,0,16,TRSM_L(0,8),1777844079686623488,1777844079931320576,0
0,0,17,TRSM_R(9,0),1777844079686623488,1777844079953635584,0
0,0,19,TRSM_R(10,0),1777844079686623488,1777844079944444160,0
0,0,21,TRSM_R(11,0),1777844079686623488,1777844079953636608,0
0,0,23,TRSM_R(12,0),1777844079686623488,1777844079953958144,0
0,0,24,TRSM_L(0,12),1777844079686623488,1777844079931320576,0
0,0,25,TRSM_R(13,0),1777844079686623488,1777844079944538368,0
0,0,27,TRSM_R(14,0),1777844079686623488,1777844079953958144,0
0,0,29,TRSM_R(15,0),1777844079686624512,1777844080143718656,0
0,0,34,GEMM(1,4,0),1777844079686624512,1777844079818682624,0
0,0,38,GEMM(1,8,0),1777844079686624512,1777844079818719488,0
0,0,42,GEMM(1,12,0),1777844079686624512,1777844079818719488,0
0,0,49,GEMM(2,4,0),1777844079686624512,1777844079818719488,0
0,0,53,GEMM(2,8,0),1777844079686624512,1777844079818719488,0
0,0,57,GEMM(2,12,0),1777844079686624512,1777844079818719488,0
0,0,64,GEMM(3,4,0),1777844079686624512,1777844079818720512,0
0,0,68,GEMM(3,8,0),1777844079686625536,1777844079818720512,0
0,0,72,GEMM(3,12,0),1777844079686625536,1777844079818720512,0
0,0,79,GEMM(4,4,0),1777844079686625536,1777844079818720512,0
0,0,83,GEMM(4,8,0),1777844079686625536,1777844079818720512,0
0,0,87,GEMM(4,12,0),1777844079686625536,1777844079819587840,0
0,0,94,GEMM(5,4,0),1777844079686625536,1777844079818720512,0
0,0,98,GEMM(5,8,0),1777844079820180736,1777844079832684800,0
0,0,102,GEMM(5,12,0),1777844079953635584,1777844080094262528,0
0,0,109,GEMM(6,4,0),1777844079953957120,1777844080113867008,0
0,0,113,GEMM(6,8,0),1777844079953634560,1777844080094261504,0
0,0,117,GEMM(6,12,0),1777844079953635584,1777844080094261504,0
0,0,124,GEMM(7,4,0),1777844079932731648,1777844079944401152,0
0,0,128,GEMM(7,8,0),1777844079953957120,1777844080113867008,0
0,0,132,GEMM(7,12,0),1777844079953635584,1777844080094262528,0
0,0,139,GEMM(8,4,0),1777844079944533248,1777844080094261504,0
0,0,143,GEMM(8,8,0),1777844079953635584,1777844080094262528,0
0,0,147,GEMM(8,12,0),1777844079953957120,1777844080143718656,0
0,0,154,GEMM(9,4,0),1777844080094261504,1777844080224029952,0
0,0,158,GEMM(9,8,0),1777844079953635584,1777844080094261504,0
0,0,162,GEMM(9,12,0),1777844080113864960,1777844080224032000,0
0,0,169,GEMM(10,4,0),1777844080113867008,1777844080224032000,0
0,0,173,GEMM(10,8,0),1777844079953635584,1777844080113865984,0
0,0,177,GEMM(10,12,0),1777844080043691264,1777844080143718656,0
0,0,184,GEMM(11,4,0),1777844080113867008,1777844080233958656,0
0,0,188,GEMM(11,8,0),1777844080224111872,1777844080243757312,0
0,0,192,GEMM(11,12,0),1777844080094261504,1777844080224029952,0
0,0,199,GEMM(12,4,0),1777844079953635584,1777844080094262528,0
0,0,203,GEMM(12,8,0),1777844080113865984,1777844080224032000,0
0,0,207,GEMM(12,12,0),1777844080113867008,1777844080224032000,0
0,0,214,GEMM(13,4,0),1777844079953956096,1777844080113865984,0
0,0,218,GEMM(13,8,0),1777844080043692288,1777844080224029952,0
0,0,222,GEMM(13,12,0),1777844080113867008,1777844080224033024,0
0,0,229,GEMM(14,4,0),1777844080233957632,1777844080244878592,0
0,0,233,GEMM(14,8,0),1777844080094261504,1777844080224032000,0
0,0,237,GEMM(14,12,0),1777844079953635584,1777844080094262528,0
0,0,244,GEMM(15,4,0),1777844080113864960,1777844080224032000,0
0,0,248,GEMM(15,8,0),1777844080113867008,1777844080224032000,0
0,0,252,GEMM(15,12,0),1777844079953957120,1777844080113865984,0
0,0,262,TRSM_L(1,4),1777844093196336384,1777844101565047040,1777844080043692288
0,0,270,TRSM_L(1,8),1777844093196336384,1777844103365855488,1777844080143717632
0,0,278,TRSM_L(1,12),1777844093196335360,1777844101564960000,1777844080233957632
0,0,287,GEMM(2,4,1),1777844094583847168,1777844099353136384,1777844080143716608
0,0,291,GEMM(2,8,1),1777844094583846144,1777844099353705728,1777844080143716608
0,0,295,GEMM(2,12,1),1777844094583847168,1777844099353136384,1777844080113865984
0,0,301,GEMM(3,4,1),1777844094584008960,1777844099353137408,1777844080224028928
0,0,305,GEMM(3,8,1),1777844094584155392,1777844099353137408,1777844080143716608
0,0,309,GEMM(3,12,1),1777844094583847168,1777844099353137408,1777844080143717632
0,0,315,GEMM(4,4,1),1777844094596349184,1777844099353138432,1777844080143717632
0,0,319,GEMM(4,8,1),1777844094596272384,1777844099353137408,1777844080233957632
0,0,323,GEMM(4,12,1),1777844094596276480,1777844099353138432,1777844080224056576
0,0,329,GEMM(5,4,1),1777844094583862528,1777844099353755904,1777844080143716608
0,0,333,GEMM(5,8,1),1777844094583847168,1777844099353136384,1777844080224099584
0,0,337,GEMM(5,12,1),1777844094583848192,1777844099353137408,1777844080224089344
0,0,343,GEMM(6,4,1),1777844093253348608,1777844094579588352,1777844080224028928
0,0,347,GEMM(6,8,1),1777844093253418240,1777844094579879168,1777844080224030976
0,0,351,GEMM(6,12,1),1777844093253387520,1777844094579587328,1777844080243756288
0,0,357,GEMM(7,4,1),1777844094583847168,1777844099353136384,1777844080243773696
0,0,361,GEMM(7,8,1),1777844094583846144,1777844099353136384,1777844080224056576
0,0,365,GEMM(7,12,1),1777844094584115456,1777844099353137408,1777844080143716608
0,0,371,GEMM(8,4,1),1777844094596290816,1777844099369339136,1777844080224099584
0,0,375,GEMM(8,8,1),1777844094596272384,1777844099353138432,1777844080224089344
0,0,379,GEMM(8,12,1),1777844094596272384,1777844099353138432,1777844080224028928
0,0,385,GEMM(9,4,1),1777844094583847168,1777844099353137408,1777844080224067840
0,0,389,GEMM(9,8,1),1777844094583848192,1777844099353757952,1777844080243757312
0,0,393,GEMM(9,12,1),1777844094583848192,1777844099353136384,1777844080244907264
0,0,399,GEMM(10,4,1),1777844094596273408,1777844099353138432,1777844080233957632
0,0,403,GEMM(10,8,1),1777844094596412672,1777844099353138432,1777844080143717632
0,0,407,GEMM(10,12,1),1777844094596290816,1777844099353138432,1777844080224100608
0,0,413,GEMM(11,4,1),1777844093461475584,1777844099353136384,1777844080224090368
0,0,417,GEMM(11,8,1),1777844093253638400,1777844094596272384,1777844080224028928
0,0,421,GEMM(11,12,1),1777844102023891200,1777844103371579648,1777844101565091072
0,0,427,GEMM(12,4,1),1777844103378230528,1777844103904660736,1777844103376966912
0,0,431,GEMM(12,8,1),1777844101565387008,1777844102023891200,1777844101565080832
0,0,435,GEMM(12,12,1),1777844099513056512,1777844100929430784,1777844099369338112
0,0,441,GEMM(13,4,1),1777844099372984576,1777844100879629568,1777844099369338112
0,0,445,GEMM(13,8,1),1777844099373018368,1777844100879629568,1777844099369340160
0,0,449,GEMM(13,12,1),1777844099372985600,1777844100879629568,1777844099369339136
0,0,455,GEMM(14,4,1),1777844099373276416,1777844100892796160,1777844099369339136
0,0,459,GEMM(14,8,1),1777844102023994624,1777844103904660736,1777844101565423872
0,0,463,GEMM(14,12,1),1777844103378459904,1777844103916466432,1777844103376966912
0,0,469,GEMM(15,4,1),1777844101565460736,1777844103366038784,1777844101565086976
0,0,473,GEMM(15,8,1),1777844099372984576,1777844100879629568,1777844099369339136
0,0,477,GEMM(15,12,1),1777844099372705024,1777844100879629568,1777844099369338112
0,0,485,TRSM_L(2,4),1777844103357034752,1777844104746819840,1777844099369340160
0,0,493,TRSM_L(2,8),1777844102898196736,1777844104748404992,1777844099369339136
0,0,501,TRSM_L(2,12),1777844102026157312,1777844104748081408,1777844099369340160
0,0,509,GEMM(3,4,2),1777844107187204352,1777844112540239104,1777844101565406464
0,0,513,GEMM(3,8,2),1777844107187155200,1777844112540239104,1777844103376967936
0,0,517,GEMM(3,12,2),1777844107187089664,1777844112540238080,1777844101565088000
0,0,522,GEMM(4,4,2),1777844106537017600,1777844107185972480,1777844099369339136
0,0,526,GEMM(4,8,2),1777844106537016576,1777844107185972480,1777844099369338112
0,0,530,GEMM(4,12,2),1777844106537017600,1777844111936417024,1777844099371298048
0,0,535,GEMM(5,4,2),1777844107187154176,1777844112540238080,1777844099369339136
0,0,539,GEMM(5,8,2),1777844107187154176,1777844112540238080,1777844099369340160
0,0,543,GEMM(5,12,2),1777844107186608384,1777844112540237056,1777844101565387008
0,0,548,GEMM(6,4,2),1777844107187204352,1777844112540336384,1777844103376967936
0,0,552,GEMM(6,8,2),1777844107187155200,1777844112540239104,1777844101565089024
0,0,556,GEMM(6,12,2),1777844107187089664,1777844112540238080,1777844099369339136
0,0,561,GEMM(7,4,2),1777844107187088640,1777844112540237056,1777844099369338112
0,0,565,GEMM(7,8,2),1777844107187154176,1777844112540238080,1777844099371298048
0,0,569,GEMM(7,12,2),1777844107187154176,1777844112540238080,1777844099369339136
0,0,574,GEMM(8,4,2),1777844107431910656,1777844112540240128,1777844099369340160
0,0,578,GEMM(8,8,2),1777844107187154176,1777844112540238080,1777844103376967936
0,0,582,GEMM(8,12,2),1777844107187154176,1777844112540239104,1777844103906840832
0,0,587,GEMM(9,4,2),1777844107187204352,1777844112540386560,1777844102026081536
0,0,591,GEMM(9,8,2),1777844107187088640,1777844112540237056,1777844100949276928
0,0,595,GEMM(9,12,2),1777844107431910656,1777844112540240128,1777844100892796160
0,0,600,GEMM(10,4,2),1777844107187088640,1777844112540237056,1777844100892796160
0,0,604,GEMM(10,8,2),1777844107187088640,1777844112540261632,1777844100892796160
0,0,608,GEMM(10,12,2),1777844107187154176,1777844112540238080,1777844100894099712
0,0,613,GEMM(11,4,2),1777844107187256576,1777844112540240128,1777844103905712384
0,0,617,GEMM(11,8,2),1777844107431910656,1777844112680051968,1777844103919657216
0,0,621,GEMM(11,12,2),1777844107187204352,1777844112540239104,1777844103376967936
0,0,626,GEMM(12,4,2),1777844107187250432,1777844112540240128,1777844100949276928
0,0,630,GEMM(12,8,2),1777844107187157248,1777844112540258560,1777844100892796160
0,0,634,GEMM(12,12,2),1777844107187154176,1777844112540239104,1777844104746910976
0,0,639,GEMM(13,4,2),1777844107187204352,1777844112540240128,1777844104748410112
0,0,643,GEMM(13,8,2),1777844107187204352,1777844112540239104,1777844104748252416
0,0,647,GEMM(13,12,2),1777844113393636608,1777844113992084736,1777844112680048896
0,0,652,GEMM(14,4,2),1777844113155572992,1777844113976578304,1777844112680049920
0,0,656,GEMM(14,8,2),1777844113154610432,1777844113976578304,1777844112541701376
0,0,660,GEMM(14,12,2),1777844112680048896,1777844113154611456,1777844107431910656
0,0,665,GEMM(15,4,2),1777844112541678848,1777844113154610432,1777844107187287296
0,0,669,GEMM(15,8,2),1777844112680641792,1777844113638216960,1777844112540239104
0,0,673,GEMM(15,12,2),1777844113393636608,1777844113976578304,1777844112680049920
0,0,679,TRSM_L(3,4),1777844114037142784,1777844116744546560,1777844112540985600
0,0,687,TRSM_L(3,8),1777844114037141760,1777844116734673152,1777844112680047872
0,0,695,TRSM_L(3,12),1777844114037141760,1777844116747099392,1777844112680050944
0,0,702,GEMM(4,4,3),1777844117047231744,1777844118140763392,1777844112542007552
0,0,706,GEMM(4,8,3),1777844117047232768,1777844118140764416,1777844112680048896
0,0,710,GEMM(4,12,3),1777844117047230720,1777844118140763392,1777844112680049920
0,0,714,GEMM(5,4,3),1777844118141730048,1777844124225155328,1777844112542105856
0,0,718,GEMM(5,8,3),1777844118141730048,1777844124225155328,1777844112680049920
0,0,722,GEMM(5,12,3),1777844118141918464,1777844124225156352,1777844112680050944
0,0,726,GEMM(6,4,3),1777844118141710592,1777844124225154304,1777844112680048896
0,0,730,GEMM(6,8,3),1777844118141729024,1777844124225155328,1777844112680049920
0,0,734,GEMM(6,12,3),1777844118141697280,1777844124225154304,1777844112541954304
0,0,738,GEMM(7,4,3),1777844117047232768,1777844118140923136,1777844112680048896
0,0,742,GEMM(7,8,3),1777844117047231744,1777844118140764416,1777844112680049920
0,0,746,GEMM(7,12,3),1777844117047232768,1777844124001911040,1777844112680048896
0,0,750,GEMM(8,4,3),1777844118141730048,1777844124225155328,1777844112680049920
0,0,754,GEMM(8,8,3),1777844118141730048,1777844124225155328,1777844112680050944
0,0,758,GEMM(8,12,3),1777844118141731072,1777844124225156352,1777844112680048896
0,0,762,GEMM(9,4,3),1777844118141698304,1777844124225154304,1777844112680530176
0,0,766,GEMM(9,8,3),1777844118141729024,1777844124225154304,1777844112541955328
0,0,770,GEMM(9,12,3),1777844118142108928,1777844124233038080,1777844112680048896
0,0,774,GEMM(10,4,3),1777844118141729024,1777844124225154304,1777844112680049920
0,0,778,GEMM(10,8,3),1777844118141797632,1777844124225493248,1777844112680132864
0,0,782,GEMM(10,12,3),1777844118141730048,1777844124225155328,1777844112680050944
0,0,786,GEMM(11,4,3),1777844118141730048,1777844124225155328,1777844112680050944
0,0,790,GEMM(11,8,3),1777844118141731072,1777844124225156352,1777844113992105216
0,0,794,GEMM(11,12,3),1777844118141773056,1777844124225461504,1777844113977841920
0,0,798,GEMM(12,4,3),1777844118141729024,1777844124225154304,1777844113977745664
0,0,802,GEMM(12,8,3),1777844118141698304,1777844124225154304,1777844113155126528
0,0,806,GEMM(12,12,3),1777844118140981504,1777844124225153280,1777844113393636608
0,0,810,GEMM(13,4,3),1777844118141729024,1777844124225154304,1777844113976577280
0,0,814,GEMM(13,8,3),1777844118405501184,1777844124456288512,1777844113977963776
0,0,818,GEMM(13,12,3),1777844118141828352,1777844124230957312,1777844116745399552
0,0,822,GEMM(14,4,3),1777844118141729024,1777844124225155328,1777844116735370496
0,0,826,GEMM(14,8,3),1777844118141697280,1777844124225358080,1777844116747105536
0,0,830,GEMM(14,12,3),1777844124355205376,1777844124791476480,1777844118405501184
0,0,834,GEMM(15,4,3),1777844124355204352,1777844124791057664,1777844118405501184
0,0,838,GEMM(15,8,3),1777844124233038080,1777844124456288512,1777844118141828352
0,0,842,GEMM(15,12,3),1777844124791216384,1777844124856730880,1777844124233039104
0,0,846,GETRF(4),1777844124233040128,1777844124801109248,0
0,0,847,TRSM_R(5,4),1777844124233039104,1777844124951218432,0
0,0,849,TRSM_R(6,4),1777844124233038080,1777844124950438144,0
0,0,851,TRSM_R(7,4),1777844124233038080,1777844124951219456,0
0,0,853,TRSM_R(8,4),1777844124233265408,1777844124961074432,0
0,0,854,TRSM_L(4,8),1777844118405501184,1777844124948346112,0
0,0,855,TRSM_R(9,4),1777844118141829376,1777844124948781312,0
0,0,857,TRSM_R(10,4),1777844124233039104,1777844124951218432,0
0,0,859,TRSM_R(11,4),1777844124780262656,1777844124981649664,0
0,0,861,TRSM_R(12,4),1777844124233039104,1777844124951218432,0
0,0,862,TRSM_L(4,12),1777844124233038080,1777844124949750016,0
0,0,863,TRSM_R(13,4),1777844124233038080,1777844124951219456,0
0,0,865,TRSM_R(14,4),1777844124233038080,1777844124950482176,0
0,0,867,TRSM_R(15,4),1777844124455422208,1777844124981140736,0
0,0,872,GEMM(5,8,4),1777844124233039104,1777844124776385792,0
0,0,876,GEMM(5,12,4),1777844124233039104,1777844124776526080,0
0,0,883,GEMM(6,8,4),1777844124780263680,1777844124836691200,0
0,0,887,GEMM(6,12,4),1777844124233039104,1777844124776385792,0
0,0,894,GEMM(7,8,4),1777844124233038080,1777844124775762176,0
0,0,898,GEMM(7,12,4),1777844124233038080,1777844124773851392,0
0,0,905,GEMM(8,8,4),1777844124233038080,1777844124771899648,0
0,0,909,GEMM(8,12,4),1777844124455422208,1777844124835983616,0
0,0,916,GEMM(9,8,4),1777844124233039104,1777844124776385792,0
0,0,920,GEMM(9,12,4),1777844124233040128,1777844124780263680,0
0,0,927,GEMM(10,8,4),1777844124790326528,1777844124836691200,0
0,0,931,GEMM(10,12,4),1777844124233040128,1777844124791057664,0
0,0,938,GEMM(11,8,4),1777844124233039104,1777844124776101120,0
0,0,942,GEMM(11,12,4),1777844124233038080,1777844124775762176,0
0,0,949,GEMM(12,8,4),1777844124835514624,1777844124857833728,0
0,0,953,GEMM(12,12,4),1777844124821077248,1777844124857556224,0
0,0,960,GEMM(13,8,4),1777844124790326528,1777844124846205184,0
0,0,964,GEMM(13,12,4),1777844124857555200,1777844124878979328,0
0,0,971,GEMM(14,8,4),1777844124857255168,1777844124878645504,0
0,0,975,GEMM(14,12,4),1777844124961073408,1777844124981140736,0
0,0,982,GEMM(15,8,4),1777844124951217408,1777844124971007232,0
0,0,986,GEMM(15,12,4),1777844124971006208,1777844124982060288,0
0,0,996,TRSM_L(5,8),1777844132557347072,1777844133425671424,1777844124971349248
0,0,1004,TRSM_L(5,12),1777844132557347072,1777844133429872896,1777844124949750016
0,0,1013,GEMM(6,8,5),1777844135329107200,1777844140770577664,1777844124950120704
0,0,1017,GEMM(6,12,5),1777844135329187072,1777844140770579712,1777844124961074432
0,0,1023,GEMM(7,8,5),1777844135329142016,1777844140770578688,1777844124981716224
0,0,1027,GEMM(7,12,5),1777844135328649472,1777844140770577664,1777844124961073408
0,0,1033,GEMM(8,8,5),1777844135114468608,1777844135328630016,1777844124951218432
0,0,1037,GEMM(8,12,5),1777844135114469632,1777844140191311104,1777844124971006208
0,0,1043,GEMM(9,8,5),1777844135329142016,1777844140770578688,1777844124971350272
0,0,1047,GEMM(9,12,5),1777844135329107200,1777844140770627840,1777844124981200128
0,0,1053,GEMM(10,8,5),1777844135329142016,1777844140770578688,1777844124950178048
0,0,1057,GEMM(10,12,5),1777844135465932032,1777844140793527552,1777844124961074432
0,0,1063,GEMM(11,8,5),1777844135329142016,1777844140770578688,1777844124981732608
0,0,1067,GEMM(11,12,5),1777844135329142016,1777844140770578688,1777844124961074432
0,0,1073,GEMM(12,8,5),1777844135329142016,1777844140770579712,1777844124951218432
0,0,1077,GEMM(12,12,5),1777844135329140992,1777844140770763008,1777844124971006208
0,0,1083,GEMM(13,8,5),1777844135329142016,1777844140770578688,1777844124971350272
0,0,1087,GEMM(13,12,5),1777844135329142016,1777844140770578688,1777844124981215488
0,0,1093,GEMM(14,8,5),1777844135465932032,1777844140770579712,1777844124950178048
0,0,1097,GEMM(14,12,5),1777844135329107200,1777844140770577664,1777844124961075456
0,0,1103,GEMM(15,8,5),1777844135329142016,1777844140770578688,1777844124981744896
0,0,1107,GEMM(15,12,5),1777844135329142016,1777844140770579712,1777844124961074432
0,0,1115,TRSM_L(6,8),1777844143297598720,1777844151249523968,1777844124951218432
0,0,1123,TRSM_L(6,12),1777844143297683712,1777844151239833856,1777844124971006208
0,0,1131,GEMM(7,8,6),1777844147610606848,1777844150058994944,1777844124971350272
0,0,1135,GEMM(7,12,6),1777844147841446144,1777844150059019520,1777844124981226752
0,0,1140,GEMM(8,8,6),1777844143666409728,1777844147487009024,1777844124950179072
0,0,1144,GEMM(8,12,6),1777844143666409728,1777844147487009024,1777844124970789120
0,0,1149,GEMM(9,8,6),1777844143666409728,1777844147487009024,1777844124981761280
0,0,1153,GEMM(9,12,6),1777844143666408704,1777844147487009024,1777844124981171456
0,0,1158,GEMM(10,8,6),1777844143667326208,1777844147487009024,1777844124980929792
0,0,1162,GEMM(10,12,6),1777844143666408704,1777844147487008000,1777844124982074624
0,0,1167,GEMM(11,8,6),1777844143666409728,1777844149043641600,1777844133425849600
0,0,1171,GEMM(11,12,6),1777844143665274112,1777844147487008000,1777844133430037760
0,0,1176,GEMM(12,8,6),1777844147487276288,1777844150031952128,1777844140772966656
0,0,1180,GEMM(12,12,6),1777844147487860992,1777844150058873088,1777844140773675264
0,0,1185,GEMM(13,8,6),1777844147487860992,1777844150031841536,1777844140773774592
0,0,1189,GEMM(13,12,6),1777844147487927552,1777844150031841536,1777844140772050176
0,0,1194,GEMM(14,8,6),1777844147841542400,1777844150171152640,1777844135465932032
0,0,1198,GEMM(14,12,6),1777844147841446144,1777844150058873088,1777844140770578688
0,0,1203,GEMM(15,8,6),1777844147487009024,1777844149235329280,1777844140774234368
0,0,1207,GEMM(15,12,6),1777844147487009024,1777844150027074816,1777844140774128896
0,0,1213,TRSM_L(7,8),1777844142463428864,1777844143316799744,1777844140773410048
0,0,1221,TRSM_L(7,12),1777844142463428864,1777844142892382464,1777844140793539840
0,0,1228,GEMM(8,8,7),1777844142892543232,1777844143316731136,1777844140773802240
0,0,1232,GEMM(8,12,7),1777844142892543232,1777844143295854848,1777844140774569216
0,0,1236,GEMM(9,8,7),1777844158760771840,1777844162841719040,1777844140774570240
0,0,1240,GEMM(9,12,7),1777844158759390464,1777844162841720064,1777844140774569216
0,0,1244,GEMM(10,8,7),1777844162842865920,1777844164155137280,1777844140774274304
0,0,1248,GEMM(10,12,7),1777844162842865920,1777844164155137280,1777844140774128896
0,0,1252,GEMM(11,8,7),1777844158759390464,1777844162841720064,1777844140773481728
0,0,1256,GEMM(11,12,7),1777844158759017728,1777844162841719040,1777844140793540864
0,0,1260,GEMM(12,8,7),1777844156040844544,1777844158750653696,1777844140773863680
0,0,1264,GEMM(12,12,7),1777844156040844544,1777844156913432832,1777844140774569216
0,0,1268,GEMM(13,8,7),1777844156913935616,1777844158750653696,1777844151260460288
0,0,1272,GEMM(13,12,7),1777844156915625216,1777844162841719040,1777844151249522944
0,0,1276,GEMM(14,8,7),1777844154983128320,1777844155903577344,1777844150171151616
0,0,1280,GEMM(14,12,7),1777844154983128320,1777844155934214400,1777844150171152640
0,0,1284,GEMM(15,8,7),1777844158759017728,1777844162841719040,1777844147841446144
0,0,1288,GEMM(15,12,7),1777844158759017728,1777844164155136256,1777844149029961984
0,0,1292,GETRF(8),1777844149029963008,1777844150171844864,0
0,0,1293,TRSM_R(9,8),1777844148125182208,1777844151375924480,0
0,0,1295,TRSM_R(10,8),1777844151260460288,1777844151389255936,0
0,0,1297,TRSM_R(11,8),1777844151249522944,1777844151387401472,0
0,0,1299,TRSM_R(12,8),1777844150171152640,1777844151375924480,0
0,0,1300,TRSM_L(8,12),1777844150171152640,1777844151329276160,0
0,0,1301,TRSM_R(13,8),1777844150058877184,1777844151347990784,0
0,0,1303,TRSM_R(14,8),1777844150171152640,1777844151375924480,0
0,0,1305,TRSM_R(15,8),1777844150066449664,1777844151372387584,0
0,0,1310,GEMM(9,12,8),1777844150058872064,1777844150172176640,0
0,0,1317,GEMM(10,12,8),1777844151260460288,1777844151275439360,0
0,0,1324,GEMM(11,12,8),1777844151249522944,1777844151274348800,0
0,0,1331,GEMM(12,12,8),1777844150171152640,1777844150216884480,0
0,0,1338,GEMM(13,12,8),1777844150171152640,1777844150221491456,0
0,0,1345,GEMM(14,12,8),1777844150058873088,1777844150208389376,0
0,0,1352,GEMM(15,12,8),1777844150171152640,1777844150216967424,0
0,0,1362,TRSM_L(9,12),1777844150216967424,1777844151379793152,1777844150066449664
0,0,1371,GEMM(10,12,9),1777844151115312384,1777844151239781632,1777844150058873088
0,0,1377,GEMM(11,12,9),1777844167945295104,1777844169130128640,1777844162843155712
0,0,1383,GEMM(12,12,9),1777844166725102848,1777844167944869120,1777844162842907904
0,0,1389,GEMM(13,12,9),1777844167946733824,1777844169130128640,1777844164156644608
0,0,1395,GEMM(14,12,9),1777844166725102848,1777844169130128640,1777844164156340480
0,0,1401,GEMM(15,12,9),1777844167946734848,1777844169148407040,1777844163190697216
0,0,1409,TRSM_L(10,12),1777844165677757696,1777844166556059904,1777844163190697216
0,0,1417,GEMM(11,12,10),1777844171054756096,1777844172639910144,1777844158755525888
0,0,1422,GEMM(12,12,10),1777844171613609216,1777844172639910144,1777844156915837184
0,0,1427,GEMM(13,12,10),1777844171613916416,1777844172639910144,1777844162843155712
0,0,1432,GEMM(14,12,10),1777844171613917440,1777844172656765184,1777844162842932480
0,0,1437,GEMM(15,12,10),1777844171613916416,1777844172639910144,1777844164156644608
0,0,1443,TRSM_L(11,12),1777844164374578432,1777844164911658240,1777844164156435712
0,0,1450,GEMM(12,12,11),1777844164156817664,1777844164374923520,1777844163190697216
0,0,1454,GEMM(13,12,11),1777844164374578432,1777844164678176000,1777844164155770112
0,0,1458,GEMM(14,12,11),1777844162842865920,1777844164155136256,1777844158756029696
0,0,1462,GEMM(15,12,11),1777844162842865920,1777844164374923520,1777844156915925248
0,0,1466,GETRF(12),1777844163190877440,1777844164667915520,0
0,0,1467,TRSM_R(13,12),1777844162843281664,1777844164859209984,0
0,0,1469,TRSM_R(14,12),1777844164156715264,1777844164860001536,0
0,0,1471,TRSM_R(15,12),1777844164156581120,1777844164858643712,0
