timestamp,datetime,power_w,total_energy_mj,gpu_freq_mhz,mem_freq_mhz,temperature_c,gpu_util_pct,mem_util_pct
1774605338.8575268,2026-03-27T10:55:38.857527,27.377,106553,2040,6251,42,0,0
1774605338.8762102,2026-03-27T10:55:38.876210,27.377,106553,2040,6251,42,0,0
1774605338.8894176,2026-03-27T10:55:38.889418,27.377,106553,2040,6251,42,0,0
1774605338.902178,2026-03-27T10:55:38.902178,27.377,109328,2040,6251,42,0,0
1774605338.9149547,2026-03-27T10:55:38.914955,27.377,109328,2040,6251,42,0,0
1774605338.9296374,2026-03-27T10:55:38.929637,27.439,109328,2040,6251,42,0,0
1774605338.9420202,2026-03-27T10:55:38.942020,27.439,109328,2040,6251,42,0,0
1774605338.9544125,2026-03-27T10:55:38.954412,27.439,109328,2040,6251,42,0,0
1774605338.9668324,2026-03-27T10:55:38.966832,27.439,109328,2040,6251,42,0,0
1774605338.9815073,2026-03-27T10:55:38.981507,27.439,109328,2040,6251,42,0,0
1774605338.9960833,2026-03-27T10:55:38.996083,27.439,109328,2040,6251,42,0,0
1774605339.0092976,2026-03-27T10:55:39.009298,27.439,112101,2040,6251,42,0,0
1774605339.023025,2026-03-27T10:55:39.023025,27.491,112101,2040,6251,42,0,0
1774605339.036433,2026-03-27T10:55:39.036433,27.491,112101,2040,6251,42,0,0
1774605339.0498827,2026-03-27T10:55:39.049883,27.491,112101,2040,6251,42,0,0
1774605339.073525,2026-03-27T10:55:39.073525,27.491,112101,2040,6251,42,0,0
1774605339.0889184,2026-03-27T10:55:39.088918,27.491,112101,2040,6251,42,0,0
1774605339.1042068,2026-03-27T10:55:39.104207,27.491,114874,2040,6251,42,0,0
1774605339.1390843,2026-03-27T10:55:39.139084,27.614,114874,2040,6251,42,0,0
1774605339.1538255,2026-03-27T10:55:39.153826,27.614,114874,2040,6251,42,0,0
1774605339.1680307,2026-03-27T10:55:39.168031,27.614,114874,2040,6251,42,0,0
1774605339.196852,2026-03-27T10:55:39.196852,27.614,114874,2040,6251,42,0,0
1774605339.2143915,2026-03-27T10:55:39.214391,27.614,117744,2040,6251,42,0,0
1774605339.2268395,2026-03-27T10:55:39.226840,27.614,117744,2040,6251,42,0,0
1774605339.2566311,2026-03-27T10:55:39.256631,27.676,117744,2040,6251,42,0,0
1774605339.2725904,2026-03-27T10:55:39.272590,27.676,117744,2040,6251,42,0,0
1774605339.2856965,2026-03-27T10:55:39.285697,27.676,117744,2040,6251,42,0,0
1774605339.301558,2026-03-27T10:55:39.301558,27.676,120506,2040,6251,42,0,0
1774605339.3146794,2026-03-27T10:55:39.314679,27.676,120506,2040,6251,42,0,0
1774605339.327386,2026-03-27T10:55:39.327386,27.676,120506,2040,6251,42,0,0
1774605339.3416338,2026-03-27T10:55:39.341634,27.806,120506,2040,6251,42,0,0
1774605339.3540158,2026-03-27T10:55:39.354016,27.806,120506,2040,6251,42,0,0
1774605339.36677,2026-03-27T10:55:39.366770,27.806,120506,2040,6251,42,0,0
1774605339.3814054,2026-03-27T10:55:39.381405,27.806,120506,2040,6251,42,0,0
1774605339.3939686,2026-03-27T10:55:39.393969,27.806,120506,2040,6251,42,0,0
1774605339.4062347,2026-03-27T10:55:39.406235,27.806,123318,2040,6251,42,0,0
1774605339.4216821,2026-03-27T10:55:39.421682,27.806,123318,2040,6251,42,0,0
1774605339.4337301,2026-03-27T10:55:39.433730,27.816,123318,2040,6251,42,0,0
1774605339.4460852,2026-03-27T10:55:39.446085,27.816,123318,2040,6251,42,0,0
1774605339.4613063,2026-03-27T10:55:39.461306,27.816,123318,2040,6251,42,0,0
1774605339.4734297,2026-03-27T10:55:39.473430,27.816,123318,2040,6251,42,0,0
1774605339.4858027,2026-03-27T10:55:39.485803,27.816,123318,2040,6251,42,0,0
1774605339.5012026,2026-03-27T10:55:39.501203,27.816,123318,2040,6251,42,0,0
1774605339.5135067,2026-03-27T10:55:39.513507,27.816,126137,2040,6251,42,0,0
1774605339.5272686,2026-03-27T10:55:39.527269,27.816,126137,2040,6251,42,0,0
1774605339.5411856,2026-03-27T10:55:39.541186,27.895,126137,2040,6251,42,0,0
1774605339.5534267,2026-03-27T10:55:39.553427,27.895,126137,2040,6251,42,0,0
1774605339.5657141,2026-03-27T10:55:39.565714,27.895,126137,2040,6251,42,0,0
1774605339.5813923,2026-03-27T10:55:39.581392,27.895,126137,2040,6251,42,0,0
1774605339.5937014,2026-03-27T10:55:39.593701,27.895,126137,2040,6251,42,0,0
1774605339.6060238,2026-03-27T10:55:39.606024,27.895,128887,2040,6251,42,0,0
1774605339.6212745,2026-03-27T10:55:39.621274,27.895,128887,2040,6251,42,0,0
1774605339.633567,2026-03-27T10:55:39.633567,27.948,128887,2040,6251,42,0,0
1774605339.645955,2026-03-27T10:55:39.645955,27.948,128887,2040,6251,42,0,0
1774605339.661091,2026-03-27T10:55:39.661091,27.948,128887,2040,6251,42,0,0
1774605339.6746428,2026-03-27T10:55:39.674643,27.948,128887,2040,6251,42,0,0
1774605339.6869109,2026-03-27T10:55:39.686911,27.948,128887,2040,6251,42,0,0
1774605339.7011309,2026-03-27T10:55:39.701131,27.948,128887,2040,6251,42,0,0
1774605339.7132819,2026-03-27T10:55:39.713282,27.948,131700,2040,6251,42,0,0
1774605339.7255569,2026-03-27T10:55:39.725557,27.948,131700,2040,6251,42,0,0
1774605339.7413156,2026-03-27T10:55:39.741316,28.026,131700,2040,6251,42,0,0
1774605339.7537224,2026-03-27T10:55:39.753722,28.026,131700,2040,6251,42,0,0
1774605339.7661686,2026-03-27T10:55:39.766169,28.026,131700,2040,6251,42,0,0
1774605339.7810144,2026-03-27T10:55:39.781014,28.026,131700,2040,6251,42,0,0
1774605339.7931511,2026-03-27T10:55:39.793151,28.026,131700,2040,6251,42,0,0
1774605339.8055508,2026-03-27T10:55:39.805551,28.026,134451,2040,6251,42,0,0
1774605339.8212662,2026-03-27T10:55:39.821266,28.026,134451,2040,6251,42,0,0
1774605339.833556,2026-03-27T10:55:39.833556,28.054,134451,2040,6251,42,0,0
1774605339.8458886,2026-03-27T10:55:39.845889,28.054,134451,2040,6251,42,0,0
1774605339.8610568,2026-03-27T10:55:39.861057,28.054,134451,2040,6251,42,0,0
1774605339.8732698,2026-03-27T10:55:39.873270,28.054,134451,2040,6251,42,0,0
1774605339.8856554,2026-03-27T10:55:39.885655,28.054,134451,2040,6251,42,0,0
1774605339.9034507,2026-03-27T10:55:39.903451,28.054,137231,2040,6251,42,0,0
1774605339.916161,2026-03-27T10:55:39.916161,28.054,137231,2040,6251,42,0,0
1774605339.9288278,2026-03-27T10:55:39.928828,28.054,137231,2040,6251,42,0,0
1774605339.9416063,2026-03-27T10:55:39.941606,28.107,137231,2040,6251,42,0,0
1774605339.9537148,2026-03-27T10:55:39.953715,28.107,137231,2040,6251,42,0,0
1774605339.9663124,2026-03-27T10:55:39.966312,28.107,137231,2040,6251,42,0,0
1774605339.9824471,2026-03-27T10:55:39.982447,28.107,137231,2040,6251,42,0,0
1774605339.9945433,2026-03-27T10:55:39.994543,28.107,137231,2040,6251,42,0,0
1774605340.0067413,2026-03-27T10:55:40.006741,28.107,140003,2040,6251,42,0,0
1774605340.0222073,2026-03-27T10:55:40.022207,28.107,140003,2040,6251,42,0,0
1774605340.0343614,2026-03-27T10:55:40.034361,28.089,140003,2040,6251,42,0,0
1774605340.046584,2026-03-27T10:55:40.046584,28.089,140003,2040,6251,42,0,0
1774605340.0609367,2026-03-27T10:55:40.060937,28.089,140003,2040,6251,42,0,0
1774605340.073166,2026-03-27T10:55:40.073166,28.089,140003,2040,6251,42,0,0
1774605340.0860534,2026-03-27T10:55:40.086053,28.089,140003,2040,6251,42,0,0
1774605340.101398,2026-03-27T10:55:40.101398,28.089,142787,2040,6251,42,0,0
1774605340.1142716,2026-03-27T10:55:40.114272,28.089,142787,2040,6251,42,0,0
1774605340.1267576,2026-03-27T10:55:40.126758,28.089,142787,2040,6251,42,0,0
1774605340.1411088,2026-03-27T10:55:40.141109,28.039,142787,2040,6251,42,0,0
1774605340.1534367,2026-03-27T10:55:40.153437,28.039,142787,2040,6251,42,0,0
1774605340.1657183,2026-03-27T10:55:40.165718,28.039,142787,2040,6251,42,0,0
1774605340.1809146,2026-03-27T10:55:40.180915,28.039,142787,2040,6251,42,0,0
1774605340.1930537,2026-03-27T10:55:40.193054,28.039,142787,2040,6251,42,0,0
1774605340.2053044,2026-03-27T10:55:40.205304,28.039,145563,2040,6251,42,0,0
1774605340.2212255,2026-03-27T10:55:40.221226,28.039,145563,2040,6251,42,0,0
1774605340.2336025,2026-03-27T10:55:40.233603,28.019,145563,2040,6251,42,0,0
1774605340.245802,2026-03-27T10:55:40.245802,28.019,145563,2040,6251,42,0,0
1774605340.2619355,2026-03-27T10:55:40.261935,28.019,145563,2040,6251,42,0,0
1774605340.274195,2026-03-27T10:55:40.274195,28.019,145563,2040,6251,42,0,0
1774605340.2870862,2026-03-27T10:55:40.287086,28.019,145563,2040,6251,42,0,0
1774605340.3023884,2026-03-27T10:55:40.302388,28.019,148340,2040,6251,42,0,0
1774605340.3145864,2026-03-27T10:55:40.314586,28.019,148340,2040,6251,42,0,0
1774605340.3284204,2026-03-27T10:55:40.328420,28.019,148340,2040,6251,42,0,0
1774605340.3412137,2026-03-27T10:55:40.341214,28.028,148340,2040,6251,42,0,0
1774605340.353305,2026-03-27T10:55:40.353305,28.028,148340,2040,6251,42,0,0
1774605340.3655486,2026-03-27T10:55:40.365549,28.028,148340,2040,6251,42,0,0
1774605340.3817348,2026-03-27T10:55:40.381735,28.028,148340,2040,6251,42,0,0
1774605340.3938756,2026-03-27T10:55:40.393876,28.028,148340,2040,6251,42,0,0
1774605340.4061246,2026-03-27T10:55:40.406125,28.028,151115,2040,6251,42,0,0
1774605340.4221706,2026-03-27T10:55:40.422171,28.028,151115,2040,6251,42,0,0
1774605340.434304,2026-03-27T10:55:40.434304,27.993,151115,2040,6251,42,0,0
1774605340.446556,2026-03-27T10:55:40.446556,27.993,151115,2040,6251,42,0,0
1774605340.4620295,2026-03-27T10:55:40.462029,27.993,151115,2040,6251,42,0,0
1774605340.4749362,2026-03-27T10:55:40.474936,27.993,151115,2040,6251,42,0,0
1774605340.4883475,2026-03-27T10:55:40.488348,27.993,151115,2040,6251,42,0,0
1774605340.5021777,2026-03-27T10:55:40.502178,27.993,153891,2040,6251,42,0,0
1774605340.5146394,2026-03-27T10:55:40.514639,27.993,153891,2040,6251,42,0,0
1774605340.527773,2026-03-27T10:55:40.527773,27.993,153891,2040,6251,42,0,0
1774605340.540889,2026-03-27T10:55:40.540889,28.001,153891,2040,6251,42,0,0
1774605340.553017,2026-03-27T10:55:40.553017,28.001,153891,2040,6251,42,0,0
1774605340.5652552,2026-03-27T10:55:40.565255,28.001,153891,2040,6251,42,0,0
1774605340.581592,2026-03-27T10:55:40.581592,28.001,153891,2040,6251,42,0,0
1774605340.5936813,2026-03-27T10:55:40.593681,28.001,153891,2040,6251,42,0,0
1774605340.605936,2026-03-27T10:55:40.605936,28.001,156664,2040,6251,42,0,0
1774605340.6218343,2026-03-27T10:55:40.621834,28.001,156664,2040,6251,42,0,0
1774605340.6339338,2026-03-27T10:55:40.633934,27.957,156664,2040,6251,42,0,0
1774605340.6462293,2026-03-27T10:55:40.646229,27.957,156664,2040,6251,42,0,0
1774605340.6618662,2026-03-27T10:55:40.661866,27.957,156664,2040,6251,42,0,0
1774605340.6741068,2026-03-27T10:55:40.674107,27.957,156664,2040,6251,42,0,0
1774605340.6863286,2026-03-27T10:55:40.686329,27.957,156664,2040,6251,42,0,0
1774605340.7008057,2026-03-27T10:55:40.700806,27.957,156664,2040,6251,42,0,0
1774605340.7145522,2026-03-27T10:55:40.714552,27.957,159472,2040,6251,42,0,0
1774605340.729103,2026-03-27T10:55:40.729103,27.957,159472,2040,6251,42,0,0
1774605340.7417881,2026-03-27T10:55:40.741788,27.993,159472,2040,6251,42,0,0
1774605340.7556777,2026-03-27T10:55:40.755678,27.993,159472,2040,6251,42,0,0
1774605340.7697625,2026-03-27T10:55:40.769763,27.993,159472,2040,6251,42,0,0
1774605340.7825482,2026-03-27T10:55:40.782548,27.993,159472,2040,6251,42,0,0
1774605340.7967632,2026-03-27T10:55:40.796763,27.993,159472,2040,6251,42,0,0
1774605340.8154018,2026-03-27T10:55:40.815402,27.993,162272,2040,6251,42,0,0
1774605340.832313,2026-03-27T10:55:40.832313,28.003,162272,2040,6251,42,0,0
1774605340.8456357,2026-03-27T10:55:40.845636,28.003,162272,2040,6251,42,0,0
1774605340.8614552,2026-03-27T10:55:40.861455,28.003,162272,2040,6251,42,0,0
1774605340.8745992,2026-03-27T10:55:40.874599,28.003,162272,2040,6251,42,0,0
1774605340.8886375,2026-03-27T10:55:40.888638,28.003,162272,2040,6251,42,0,0
1774605340.9027407,2026-03-27T10:55:40.902741,28.003,165043,2040,6251,42,0,0
1774605340.9161742,2026-03-27T10:55:40.916174,28.003,165043,2040,6251,42,0,0
1774605340.9288504,2026-03-27T10:55:40.928850,28.003,165043,2040,6251,42,0,0
1774605340.9452107,2026-03-27T10:55:40.945211,28.003,165043,2040,6251,42,0,0
1774605340.963634,2026-03-27T10:55:40.963634,28.003,165043,2040,6251,42,0,0
1774605340.9809577,2026-03-27T10:55:40.980958,28.003,165043,2040,6251,42,0,0
1774605341.0017,2026-03-27T10:55:41.001700,28.003,167813,2040,6251,42,0,0
1774605341.0165925,2026-03-27T10:55:41.016593,28.003,167813,2040,6251,42,0,0
1774605341.0296192,2026-03-27T10:55:41.029619,28.003,167813,2040,6251,42,0,0
1774605341.0441575,2026-03-27T10:55:41.044158,28.013,167813,2040,6251,42,0,0
1774605341.0622163,2026-03-27T10:55:41.062216,28.013,167813,2040,6251,42,0,0
1774605341.0762472,2026-03-27T10:55:41.076247,28.013,167813,2040,6251,42,0,0
1774605341.092088,2026-03-27T10:55:41.092088,28.013,167813,2040,6251,42,0,0
1774605341.1084862,2026-03-27T10:55:41.108486,28.013,170584,2040,6251,42,0,0
1774605341.128985,2026-03-27T10:55:41.128985,28.013,170584,2040,6251,42,0,0
1774605341.1415677,2026-03-27T10:55:41.141568,27.995,170584,2040,6251,42,0,0
1774605341.1541798,2026-03-27T10:55:41.154180,27.995,170584,2040,6251,43,0,0
1774605341.1813102,2026-03-27T10:55:41.181310,27.995,170584,2040,6251,43,0,0
1774605341.194484,2026-03-27T10:55:41.194484,27.995,170584,2040,6251,43,0,0
1774605341.2077487,2026-03-27T10:55:41.207749,27.995,173458,2040,6251,42,0,0
1774605341.2346852,2026-03-27T10:55:41.234685,27.995,173458,2040,6251,42,0,0
1774605341.24966,2026-03-27T10:55:41.249660,28.039,173458,2040,6251,42,0,0
1774605341.2619488,2026-03-27T10:55:41.261949,28.039,173458,2040,6251,42,0,0
1774605341.2749317,2026-03-27T10:55:41.274932,28.039,173458,2040,6251,42,0,0
1774605341.287531,2026-03-27T10:55:41.287531,28.039,173458,2040,6251,42,0,0
1774605341.3147907,2026-03-27T10:55:41.314791,28.039,176253,2040,6251,42,0,0
1774605341.3280485,2026-03-27T10:55:41.328048,28.039,176253,2040,6251,42,0,0
1774605341.3438516,2026-03-27T10:55:41.343852,28.039,176253,2040,6251,42,0,0
1774605341.3587835,2026-03-27T10:55:41.358783,28.057,176253,2040,6251,42,0,0
1774605341.3832688,2026-03-27T10:55:41.383269,28.057,176253,2040,6251,42,0,0
1774605341.4014668,2026-03-27T10:55:41.401467,28.057,179029,2040,6251,42,0,0
1774605341.444609,2026-03-27T10:55:41.444609,28.057,179029,2040,6251,42,0,0
1774605341.4725301,2026-03-27T10:55:41.472530,28.03,179029,2040,6251,42,0,0
1774605341.4863963,2026-03-27T10:55:41.486396,28.03,179029,2040,6251,42,0,0
1774605341.502125,2026-03-27T10:55:41.502125,28.03,181803,2040,6251,42,0,0
1774605341.5256624,2026-03-27T10:55:41.525662,28.03,181803,2040,6251,42,0,0
1774605341.5553653,2026-03-27T10:55:41.555365,28.048,181803,2040,6251,42,0,0
1774605341.5925765,2026-03-27T10:55:41.592577,28.048,181803,2040,6251,42,0,0
1774605341.6119866,2026-03-27T10:55:41.611987,28.048,184608,2040,6251,43,0,0
1774605341.6292076,2026-03-27T10:55:41.629208,28.048,184608,2040,6251,42,0,0
1774605341.6486485,2026-03-27T10:55:41.648649,28.048,184608,2040,6251,42,0,0
1774605341.663533,2026-03-27T10:55:41.663533,28.162,184608,2040,6251,43,0,0
1774605341.6861632,2026-03-27T10:55:41.686163,28.162,184608,2040,6251,42,0,0
1774605341.7012386,2026-03-27T10:55:41.701239,28.162,187438,2040,6251,43,0,0
1774605341.7234468,2026-03-27T10:55:41.723447,28.162,187438,2040,6251,42,0,0
1774605341.7444265,2026-03-27T10:55:41.744426,28.162,187438,2040,6251,42,0,0
1774605341.765033,2026-03-27T10:55:41.765033,28.197,187438,2040,6251,42,0,0
1774605341.7830267,2026-03-27T10:55:41.783027,28.197,187438,2040,6251,42,0,0
1774605341.797969,2026-03-27T10:55:41.797969,28.197,190230,2040,6251,42,0,0
1774605341.8220084,2026-03-27T10:55:41.822008,28.197,190230,2040,6251,42,0,0
1774605341.841413,2026-03-27T10:55:41.841413,28.197,190230,2040,6251,42,0,0
1774605341.8541868,2026-03-27T10:55:41.854187,28.197,190230,2040,6251,42,0,0
1774605341.8723361,2026-03-27T10:55:41.872336,28.155,190230,2040,6251,42,1,0
1774605341.8930857,2026-03-27T10:55:41.893086,28.155,190230,2040,6251,42,1,0
1774605341.910416,2026-03-27T10:55:41.910416,28.155,193022,2040,6251,42,1,0
1774605341.9234235,2026-03-27T10:55:41.923424,28.155,193022,2040,6251,42,1,0
1774605341.9404027,2026-03-27T10:55:41.940403,28.155,193022,2040,6251,42,1,0
1774605341.9579597,2026-03-27T10:55:41.957960,28.155,193022,2040,6251,42,1,0
1774605341.9704497,2026-03-27T10:55:41.970450,28.127,193022,2040,6251,42,1,0
1774605341.9830282,2026-03-27T10:55:41.983028,28.127,193022,2040,6251,42,1,0
1774605341.9950626,2026-03-27T10:55:41.995063,28.127,193022,2040,6251,42,1,0
1774605342.0075526,2026-03-27T10:55:42.007553,28.127,195791,2040,6251,42,1,0
1774605342.0206783,2026-03-27T10:55:42.020678,28.127,195791,2040,6251,42,1,0
1774605342.0329685,2026-03-27T10:55:42.032969,28.127,195791,2040,6251,42,1,0
1774605342.0454998,2026-03-27T10:55:42.045500,28.127,195791,2040,6251,42,1,0
1774605342.0616224,2026-03-27T10:55:42.061622,28.152,195791,2040,6251,42,1,0
1774605342.0738096,2026-03-27T10:55:42.073810,28.152,195791,2040,6251,42,1,0
1774605342.0860457,2026-03-27T10:55:42.086046,28.152,195791,2040,6251,42,0,0
1774605342.1002963,2026-03-27T10:55:42.100296,28.152,195791,2040,6251,42,0,0
1774605342.1142514,2026-03-27T10:55:42.114251,28.152,198594,2040,6251,42,0,0
1774605342.1301084,2026-03-27T10:55:42.130108,28.152,198594,2040,6251,42,0,0
1774605342.1424193,2026-03-27T10:55:42.142419,28.152,198594,2040,6251,42,0,0
1774605342.1545188,2026-03-27T10:55:42.154519,28.152,198594,2040,6251,42,0,0
1774605342.1668944,2026-03-27T10:55:42.166894,28.186,198594,2040,6251,42,0,0
1774605342.1803417,2026-03-27T10:55:42.180342,28.186,198594,2040,6251,42,0,0
1774605342.192575,2026-03-27T10:55:42.192575,28.186,198594,2040,6251,42,0,0
1774605342.2049024,2026-03-27T10:55:42.204902,28.186,201347,2040,6251,42,0,0
1774605342.220699,2026-03-27T10:55:42.220699,28.186,201347,2040,6251,42,0,0
1774605342.2329264,2026-03-27T10:55:42.232926,28.186,201347,2040,6251,42,0,0
1774605342.2453125,2026-03-27T10:55:42.245312,28.186,201347,2040,6251,42,0,0
1774605342.2604177,2026-03-27T10:55:42.260418,28.177,201347,2040,6251,42,0,0
1774605342.2728322,2026-03-27T10:55:42.272832,28.177,201347,2040,6251,42,0,0
1774605342.2851396,2026-03-27T10:55:42.285140,28.177,201347,2040,6251,42,0,0
1774605342.3003178,2026-03-27T10:55:42.300318,28.177,201347,2040,6251,42,0,0
1774605342.3125753,2026-03-27T10:55:42.312575,28.177,204160,2040,6251,42,0,0
1774605342.3248885,2026-03-27T10:55:42.324888,28.177,204160,2040,6251,42,0,0
1774605342.3402777,2026-03-27T10:55:42.340278,28.177,204160,2040,6251,42,0,0
1774605342.3524625,2026-03-27T10:55:42.352463,28.177,204160,2040,6251,42,0,0
1774605342.364758,2026-03-27T10:55:42.364758,28.124,204160,2040,6251,42,0,0
1774605342.3802414,2026-03-27T10:55:42.380241,28.124,204160,2040,6251,42,0,0
1774605342.3923938,2026-03-27T10:55:42.392394,28.124,204160,2040,6251,42,0,0
1774605342.4048395,2026-03-27T10:55:42.404840,28.124,206912,2040,6251,42,0,0
1774605342.4203143,2026-03-27T10:55:42.420314,28.124,206912,2040,6251,42,0,0
1774605342.4348137,2026-03-27T10:55:42.434814,28.124,206912,2040,6251,42,0,0
1774605342.4475973,2026-03-27T10:55:42.447597,28.124,206912,2040,6251,42,0,0
1774605342.461322,2026-03-27T10:55:42.461322,28.117,206912,2040,6251,42,0,0
1774605342.4736164,2026-03-27T10:55:42.473616,28.117,206912,2040,6251,42,0,0
1774605342.4863427,2026-03-27T10:55:42.486343,28.117,206912,2040,6251,42,0,0
1774605342.500305,2026-03-27T10:55:42.500305,28.117,206912,2040,6251,42,0,0
1774605342.512408,2026-03-27T10:55:42.512408,28.117,209717,2040,6251,42,0,0
1774605342.5246675,2026-03-27T10:55:42.524668,28.117,209717,2040,6251,42,0,0
1774605342.54141,2026-03-27T10:55:42.541410,28.117,209717,2040,6251,42,0,0
1774605342.5536191,2026-03-27T10:55:42.553619,28.117,209717,2040,6251,42,0,0
1774605342.5660121,2026-03-27T10:55:42.566012,28.153,209717,2040,6251,43,0,0
1774605342.580747,2026-03-27T10:55:42.580747,28.153,209717,2040,6251,42,0,0
1774605342.5949724,2026-03-27T10:55:42.594972,28.153,209717,2040,6251,42,0,0
1774605342.6143157,2026-03-27T10:55:42.614316,28.153,212484,2040,6251,43,0,0
1774605342.6267583,2026-03-27T10:55:42.626758,28.153,212484,2040,6251,42,0,0
1774605342.6411583,2026-03-27T10:55:42.641158,28.153,212484,2040,6251,42,0,0
1774605342.6533222,2026-03-27T10:55:42.653322,28.153,212484,2040,6251,42,0,0
1774605342.6667988,2026-03-27T10:55:42.666799,28.162,212484,2040,6251,42,0,0
1774605342.680469,2026-03-27T10:55:42.680469,28.162,212484,2040,6251,42,0,0
1774605342.6944628,2026-03-27T10:55:42.694463,28.162,212484,2040,6251,42,0,0
1774605342.7132547,2026-03-27T10:55:42.713255,28.162,215265,2040,6251,43,0,0
1774605342.7266977,2026-03-27T10:55:42.726698,28.162,215265,2040,6251,43,0,0
1774605342.7412326,2026-03-27T10:55:42.741233,28.162,215265,2040,6251,42,0,0
1774605342.755888,2026-03-27T10:55:42.755888,28.162,215265,2040,6251,42,0,0
1774605342.768176,2026-03-27T10:55:42.768176,28.048,215265,2040,6251,43,0,0
1774605342.7806602,2026-03-27T10:55:42.780660,28.048,215265,2040,6251,42,0,0
1774605342.7944908,2026-03-27T10:55:42.794491,28.048,215265,2040,6251,42,0,0
1774605342.8069506,2026-03-27T10:55:42.806951,28.048,218038,2040,6251,42,0,0
1774605342.8207622,2026-03-27T10:55:42.820762,28.048,218038,2040,6251,43,0,0
1774605342.8340588,2026-03-27T10:55:42.834059,28.048,218038,2040,6251,43,0,0
1774605342.8465228,2026-03-27T10:55:42.846523,28.048,218038,2040,6251,42,0,0
1774605342.8603287,2026-03-27T10:55:42.860329,28.031,218038,2040,6251,43,0,0
1774605342.8739362,2026-03-27T10:55:42.873936,28.031,218038,2040,6251,43,0,0
1774605342.8885918,2026-03-27T10:55:42.888592,28.031,218038,2040,6251,43,0,0
1774605342.9016855,2026-03-27T10:55:42.901685,28.031,220847,2040,6251,43,0,0
1774605342.9145584,2026-03-27T10:55:42.914558,28.031,220847,2040,6251,43,0,0
1774605342.9340856,2026-03-27T10:55:42.934086,28.031,220847,2040,6251,43,0,0
1774605342.9482665,2026-03-27T10:55:42.948267,28.031,220847,2040,6251,43,0,0
1774605342.9606225,2026-03-27T10:55:42.960623,28.12,220847,2040,6251,42,0,0
1774605342.9739194,2026-03-27T10:55:42.973919,28.12,220847,2040,6251,43,0,0
1774605342.9883082,2026-03-27T10:55:42.988308,28.12,220847,2040,6251,43,0,0
1774605343.0016525,2026-03-27T10:55:43.001652,28.12,223628,2040,6251,43,0,0
1774605343.0157664,2026-03-27T10:55:43.015766,28.12,223628,2040,6251,43,0,0
1774605343.0286493,2026-03-27T10:55:43.028649,28.12,223628,2040,6251,43,0,0
1774605343.04095,2026-03-27T10:55:43.040950,28.12,223628,2040,6251,43,0,0
1774605343.0534081,2026-03-27T10:55:43.053408,28.12,223628,2040,6251,43,0,0
1774605343.0657468,2026-03-27T10:55:43.065747,28.11,223628,2040,6251,43,0,0
1774605343.082115,2026-03-27T10:55:43.082115,28.11,223628,2040,6251,43,0,0
1774605343.09444,2026-03-27T10:55:43.094440,28.11,223628,2040,6251,43,0,0
1774605343.1072578,2026-03-27T10:55:43.107258,28.11,226449,2040,6251,43,0,0
1774605343.1224985,2026-03-27T10:55:43.122499,28.11,226449,2040,6251,43,0,0
1774605343.1356676,2026-03-27T10:55:43.135668,28.11,226449,2040,6251,43,0,0
1774605343.1483057,2026-03-27T10:55:43.148306,28.11,226449,2040,6251,43,0,0
1774605343.1618838,2026-03-27T10:55:43.161884,28.216,226449,2040,6251,43,0,0
1774605343.184153,2026-03-27T10:55:43.184153,28.216,226449,2040,6251,43,0,0
1774605343.2047026,2026-03-27T10:55:43.204703,28.216,229272,2040,6251,43,0,0
1774605343.2297761,2026-03-27T10:55:43.229776,28.216,229272,2040,6251,43,0,0
1774605343.2422326,2026-03-27T10:55:43.242233,28.216,229272,2040,6251,43,0,0
1774605343.2592928,2026-03-27T10:55:43.259293,28.216,229272,2040,6251,43,0,0
1774605343.2732787,2026-03-27T10:55:43.273279,28.311,229272,2040,6251,43,0,0
1774605343.2856941,2026-03-27T10:55:43.285694,28.311,229272,2040,6251,43,11,0
1774605343.3087084,2026-03-27T10:55:43.308708,28.311,232327,2040,6251,43,11,0
1774605343.3234541,2026-03-27T10:55:43.323454,28.311,232327,2040,6251,43,11,0
1774605343.3411164,2026-03-27T10:55:43.341116,28.311,232327,2040,6251,43,11,0
1774605343.3555403,2026-03-27T10:55:43.355540,28.311,232327,2040,6251,43,11,0
1774605343.3717425,2026-03-27T10:55:43.371742,28.407,232327,2040,6251,43,11,0
1774605343.3889854,2026-03-27T10:55:43.388985,28.407,232327,2040,6251,43,11,0
1774605343.4014869,2026-03-27T10:55:43.401487,28.407,235122,2040,6251,43,11,0
1774605343.4158733,2026-03-27T10:55:43.415873,28.407,235122,2040,6251,43,11,0
1774605343.4292195,2026-03-27T10:55:43.429219,28.407,235122,2040,6251,43,11,0
1774605343.4423401,2026-03-27T10:55:43.442340,28.407,235122,2040,6251,43,11,0
1774605343.4562397,2026-03-27T10:55:43.456240,28.407,235122,2040,6251,43,11,0
1774605343.46934,2026-03-27T10:55:43.469340,28.455,235122,2040,6251,43,11,0
1774605343.4816055,2026-03-27T10:55:43.481606,28.455,235122,2040,6251,43,0,0
1774605343.49369,2026-03-27T10:55:43.493690,28.455,235122,2040,6251,43,0,0
1774605343.5072105,2026-03-27T10:55:43.507210,28.455,237888,2040,6251,43,0,0
1774605343.5316148,2026-03-27T10:55:43.531615,28.455,237888,2040,6251,43,0,0
1774605343.5438437,2026-03-27T10:55:43.543844,28.455,237888,2040,6251,43,0,0
1774605343.5567589,2026-03-27T10:55:43.556759,28.455,237888,2040,6251,43,0,0
1774605343.569888,2026-03-27T10:55:43.569888,28.406,237888,2040,6251,43,0,0
1774605343.5831172,2026-03-27T10:55:43.583117,28.406,237888,2040,6251,43,0,0
1774605343.601694,2026-03-27T10:55:43.601694,28.406,240662,2040,6251,43,0,0
1774605343.6147208,2026-03-27T10:55:43.614721,28.406,240662,2040,6251,43,0,0
1774605343.6301847,2026-03-27T10:55:43.630185,28.406,240662,2040,6251,43,0,0
1774605343.6512203,2026-03-27T10:55:43.651220,28.406,240662,2040,6251,43,0,0
1774605343.6682997,2026-03-27T10:55:43.668300,28.415,240662,2040,6251,43,0,0
1774605343.6842976,2026-03-27T10:55:43.684298,28.415,240662,2040,6251,43,0,0
1774605343.7035732,2026-03-27T10:55:43.703573,28.415,243423,2040,6251,43,0,0
1774605343.7182996,2026-03-27T10:55:43.718300,28.415,243423,2040,6251,43,0,0
1774605343.7332988,2026-03-27T10:55:43.733299,28.415,243423,2040,6251,43,0,0
1774605343.7455087,2026-03-27T10:55:43.745509,28.415,243423,2040,6251,43,0,0
1774605343.774571,2026-03-27T10:55:43.774571,28.369,243423,2040,6251,43,0,0
1774605343.7868752,2026-03-27T10:55:43.786875,28.369,243423,2040,6251,43,0,0
1774605343.8003373,2026-03-27T10:55:43.800337,28.369,246209,2040,6251,43,0,0
1774605343.8138587,2026-03-27T10:55:43.813859,28.369,246209,2040,6251,43,0,0
1774605343.8283331,2026-03-27T10:55:43.828333,28.369,246209,2040,6251,43,0,0
1774605343.845963,2026-03-27T10:55:43.845963,28.369,246209,2040,6251,43,0,0
1774605343.8633401,2026-03-27T10:55:43.863340,28.568,246209,2040,6251,43,0,0
1774605343.8823028,2026-03-27T10:55:43.882303,28.568,246209,2040,6251,43,2,0
1774605343.9007554,2026-03-27T10:55:43.900755,28.568,249147,2040,6251,43,2,0
1774605343.9180443,2026-03-27T10:55:43.918044,28.568,249147,2040,6251,43,2,0
1774605343.9323,2026-03-27T10:55:43.932300,28.568,249147,2040,6251,43,2,0
1774605343.9498749,2026-03-27T10:55:43.949875,28.568,249147,2040,6251,43,2,0
1774605343.9695888,2026-03-27T10:55:43.969589,28.647,249147,2040,6251,43,2,0
1774605343.9913006,2026-03-27T10:55:43.991301,28.647,249147,2040,6251,43,2,0
1774605344.0036864,2026-03-27T10:55:44.003686,28.647,252046,2040,6251,43,2,0
1774605344.0159783,2026-03-27T10:55:44.015978,28.647,252046,2040,6251,43,2,0
1774605344.0332968,2026-03-27T10:55:44.033297,28.647,252046,2040,6251,43,2,0
1774605344.0463305,2026-03-27T10:55:44.046330,28.647,252046,2040,6251,43,2,0
1774605344.061654,2026-03-27T10:55:44.061654,28.621,252046,2040,6251,43,2,0
1774605344.0740125,2026-03-27T10:55:44.074013,28.621,252046,2040,6251,43,4,0
1774605344.0910804,2026-03-27T10:55:44.091080,28.621,252046,2040,6251,43,4,0
1774605344.1083028,2026-03-27T10:55:44.108303,28.621,254831,2040,6251,43,4,0
1774605344.1250808,2026-03-27T10:55:44.125081,28.621,254831,2040,6251,43,4,0
1774605344.1432974,2026-03-27T10:55:44.143297,28.621,254831,2040,6251,43,4,0
1774605344.1603408,2026-03-27T10:55:44.160341,28.621,254831,2040,6251,43,4,0
1774605344.1795733,2026-03-27T10:55:44.179573,28.612,254831,2040,6251,43,4,0
1774605344.1932967,2026-03-27T10:55:44.193297,28.612,254831,2040,6251,43,4,0
1774605344.206456,2026-03-27T10:55:44.206456,28.612,257610,2040,6251,43,4,0
1774605344.2208242,2026-03-27T10:55:44.220824,28.612,257610,2040,6251,43,4,0
1774605344.235316,2026-03-27T10:55:44.235316,28.612,257610,2040,6251,43,4,0
1774605344.2486644,2026-03-27T10:55:44.248664,28.612,257610,2040,6251,43,4,0
1774605344.2639086,2026-03-27T10:55:44.263909,28.515,257610,2040,6251,43,4,0
1774605344.2843876,2026-03-27T10:55:44.284388,28.515,257610,2040,6251,43,1,0
1774605344.299904,2026-03-27T10:55:44.299904,28.515,260396,2040,6251,43,1,0
1774605344.3150585,2026-03-27T10:55:44.315058,28.515,260396,2040,6251,43,1,0
1774605344.3410466,2026-03-27T10:55:44.341047,28.515,260396,2040,6251,43,1,0
1774605344.3588355,2026-03-27T10:55:44.358835,28.515,260396,2040,6251,43,1,0
1774605344.3764935,2026-03-27T10:55:44.376493,28.394,260396,2040,6251,43,1,0
1774605344.3943107,2026-03-27T10:55:44.394311,28.394,260396,2040,6251,43,1,0
1774605344.4106026,2026-03-27T10:55:44.410603,28.394,263163,2040,6251,43,1,0
1774605344.4265473,2026-03-27T10:55:44.426547,28.394,263163,2040,6251,43,1,0
1774605344.4455662,2026-03-27T10:55:44.445566,28.394,263163,2040,6251,43,1,0
1774605344.472563,2026-03-27T10:55:44.472563,28.359,263163,2040,6251,43,1,0
1774605344.4897726,2026-03-27T10:55:44.489773,28.359,263163,2040,6251,43,0,0
1774605344.5093033,2026-03-27T10:55:44.509303,28.359,265931,2040,6251,43,0,0
1774605344.5281706,2026-03-27T10:55:44.528171,28.359,265931,2040,6251,43,0,0
1774605344.5473006,2026-03-27T10:55:44.547301,28.359,265931,2040,6251,43,0,0
1774605344.5641673,2026-03-27T10:55:44.564167,28.333,265931,2040,6251,43,0,0
1774605344.5925682,2026-03-27T10:55:44.592568,28.333,265931,2040,6251,43,0,0
1774605344.6053135,2026-03-27T10:55:44.605314,28.333,268698,2040,6251,43,0,0
1774605344.6273,2026-03-27T10:55:44.627300,28.333,268698,2040,6251,43,0,0
1774605344.6404207,2026-03-27T10:55:44.640421,28.333,268698,2040,6251,43,0,0
1774605344.6725607,2026-03-27T10:55:44.672561,28.323,268698,2040,6251,43,0,0
1774605344.6887445,2026-03-27T10:55:44.688745,28.323,268698,2040,6251,43,0,0
1774605344.706492,2026-03-27T10:55:44.706492,28.323,271469,2040,6251,43,0,0
1774605344.7367172,2026-03-27T10:55:44.736717,28.323,271469,2040,6251,43,0,0
1774605344.7542186,2026-03-27T10:55:44.754219,28.323,271469,2040,6251,43,0,0
1774605344.7773008,2026-03-27T10:55:44.777301,28.297,271469,2040,6251,43,0,0
1774605344.792303,2026-03-27T10:55:44.792303,28.297,271469,2040,6251,43,0,0
1774605344.804588,2026-03-27T10:55:44.804588,28.297,274261,2040,6251,43,0,0
1774605344.822908,2026-03-27T10:55:44.822908,28.297,274261,2040,6251,43,0,0
1774605344.8369846,2026-03-27T10:55:44.836985,28.297,274261,2040,6251,43,0,0
1774605344.858302,2026-03-27T10:55:44.858302,28.297,274261,2040,6251,43,0,0
1774605344.874299,2026-03-27T10:55:44.874299,28.288,274261,2040,6251,43,0,0
1774605344.8905509,2026-03-27T10:55:44.890551,28.288,274261,2040,6251,43,1,0
1774605344.9038997,2026-03-27T10:55:44.903900,28.288,277032,2040,6251,43,1,0
1774605344.9236176,2026-03-27T10:55:44.923618,28.288,277032,2040,6251,43,1,0
1774605344.9362936,2026-03-27T10:55:44.936294,28.288,277032,2040,6251,43,1,0
1774605344.9525561,2026-03-27T10:55:44.952556,28.288,277032,2040,6251,43,1,0
1774605344.9682992,2026-03-27T10:55:44.968299,28.288,277032,2040,6251,43,1,0
1774605344.9805908,2026-03-27T10:55:44.980591,28.112,277032,2040,6251,43,1,0
1774605344.9952948,2026-03-27T10:55:44.995295,28.112,277032,2040,6251,43,1,0
1774605345.0076191,2026-03-27T10:55:45.007619,28.112,280011,2040,6251,43,1,0
1774605345.0232933,2026-03-27T10:55:45.023293,28.112,280011,2040,6251,43,1,0
1774605345.038294,2026-03-27T10:55:45.038294,28.112,280011,2040,6251,43,1,0
1774605345.054294,2026-03-27T10:55:45.054294,28.112,280011,2040,6251,43,1,0
1774605345.0665417,2026-03-27T10:55:45.066542,28.112,280011,2040,6251,43,1,0
1774605345.084294,2026-03-27T10:55:45.084294,28.217,280011,2040,6251,43,83,0
1774605345.1035562,2026-03-27T10:55:45.103556,28.217,283065,2040,6251,43,83,0
1774605345.121293,2026-03-27T10:55:45.121293,28.217,283065,2040,6251,43,83,0
1774605345.133505,2026-03-27T10:55:45.133505,28.217,283065,2040,6251,43,83,0
1774605345.1482944,2026-03-27T10:55:45.148294,28.217,283065,2040,6251,43,83,0
1774605345.164294,2026-03-27T10:55:45.164294,28.217,283065,2040,6251,43,83,0
1774605345.182556,2026-03-27T10:55:45.182556,28.426,283065,2040,6251,43,83,0
1774605345.2008746,2026-03-27T10:55:45.200875,28.426,286126,2040,6251,43,83,0
1774605345.2129335,2026-03-27T10:55:45.212934,28.426,286126,2040,6251,43,83,0
1774605345.227504,2026-03-27T10:55:45.227504,28.426,286126,2040,6251,43,83,0
1774605345.240434,2026-03-27T10:55:45.240434,28.426,286126,2040,6251,43,83,0
1774605345.2582939,2026-03-27T10:55:45.258294,28.426,286126,2040,6251,43,83,0
1774605345.27049,2026-03-27T10:55:45.270490,28.739,286126,2040,6251,43,83,0
1774605345.2842932,2026-03-27T10:55:45.284293,28.739,286126,2040,6251,43,100,0
1774605345.305551,2026-03-27T10:55:45.305551,28.739,289176,2040,6251,43,100,0
1774605345.3225465,2026-03-27T10:55:45.322546,28.739,289176,2040,6251,43,100,0
1774605345.338293,2026-03-27T10:55:45.338293,28.739,289176,2040,6251,43,100,0
1774605345.3532941,2026-03-27T10:55:45.353294,28.739,289176,2040,6251,43,100,0
1774605345.3692932,2026-03-27T10:55:45.369293,28.739,289176,2040,6251,43,100,0
1774605345.3815486,2026-03-27T10:55:45.381549,28.906,289176,2040,6251,43,100,0
1774605345.3952937,2026-03-27T10:55:45.395294,28.906,289176,2040,6251,43,100,0
1774605345.4112935,2026-03-27T10:55:45.411294,28.906,292231,2040,6251,43,100,0
1774605345.4234924,2026-03-27T10:55:45.423492,28.906,292231,2040,6251,43,100,0
1774605345.4475698,2026-03-27T10:55:45.447570,28.906,292231,2040,6251,43,100,0
1774605345.4612942,2026-03-27T10:55:45.461294,28.906,292231,2040,6251,43,100,0
1774605345.4785686,2026-03-27T10:55:45.478569,29.115,292231,2040,6251,43,100,0
1774605345.4908242,2026-03-27T10:55:45.490824,29.115,292231,2040,6251,43,100,0
1774605345.5082943,2026-03-27T10:55:45.508294,29.115,295287,2040,6251,43,100,0
1774605345.5216584,2026-03-27T10:55:45.521658,29.115,295287,2040,6251,43,100,0
1774605345.5362926,2026-03-27T10:55:45.536293,29.115,295287,2040,6251,43,100,0
1774605345.5522935,2026-03-27T10:55:45.552294,29.115,295287,2040,6251,43,100,0
1774605345.5645554,2026-03-27T10:55:45.564555,29.115,295287,2040,6251,43,100,0
1774605345.5846474,2026-03-27T10:55:45.584647,29.358,295287,2040,6251,43,100,0
1774605345.6045604,2026-03-27T10:55:45.604560,29.358,298344,2040,6251,43,100,0
1774605345.6235409,2026-03-27T10:55:45.623541,29.358,298344,2040,6251,43,100,0
1774605345.644545,2026-03-27T10:55:45.644545,29.358,298344,2040,6251,43,100,0
1774605345.6635447,2026-03-27T10:55:45.663545,29.358,298344,2040,6251,43,100,0
1774605345.6855614,2026-03-27T10:55:45.685561,29.604,298344,2040,6251,43,100,0
1774605345.7022934,2026-03-27T10:55:45.702293,29.604,301403,2040,6251,43,100,0
1774605345.717295,2026-03-27T10:55:45.717295,29.604,301403,2040,6251,43,100,0
1774605345.7294846,2026-03-27T10:55:45.729485,29.604,301403,2040,6251,43,100,0
1774605345.7452931,2026-03-27T10:55:45.745293,29.604,301403,2040,6251,43,100,0
1774605345.7622936,2026-03-27T10:55:45.762294,29.604,301403,2040,6251,43,100,0
1774605345.7773018,2026-03-27T10:55:45.777302,29.858,301403,2040,6251,43,100,0
1774605345.7932937,2026-03-27T10:55:45.793294,29.858,301403,2040,6251,43,100,0
1774605345.8057694,2026-03-27T10:55:45.805769,29.858,304461,2040,6251,43,100,0
1774605345.8233564,2026-03-27T10:55:45.823356,29.858,304461,2040,6251,43,100,0
1774605345.8455484,2026-03-27T10:55:45.845548,29.858,304461,2040,6251,43,100,0
1774605345.861294,2026-03-27T10:55:45.861294,29.858,304461,2040,6251,43,100,0
1774605345.8772938,2026-03-27T10:55:45.877294,30.121,304461,2040,6251,43,100,0
1774605345.8894973,2026-03-27T10:55:45.889497,30.121,304461,2040,6251,43,100,0
1774605345.9062934,2026-03-27T10:55:45.906293,30.121,307524,2040,6251,43,100,0
1774605345.9255545,2026-03-27T10:55:45.925555,30.121,307524,2040,6251,43,100,0
1774605345.942295,2026-03-27T10:55:45.942295,30.121,307524,2040,6251,43,100,0
1774605345.9582937,2026-03-27T10:55:45.958294,30.121,307524,2040,6251,43,100,0
1774605345.9704955,2026-03-27T10:55:45.970495,30.121,307524,2040,6251,43,100,0
1774605345.9842932,2026-03-27T10:55:45.984293,30.382,307524,2040,6251,43,100,0
1774605346.0042932,2026-03-27T10:55:46.004293,30.382,310584,2040,6251,43,100,0
1774605346.0282938,2026-03-27T10:55:46.028294,30.382,310584,2040,6251,43,100,0
1774605346.0432937,2026-03-27T10:55:46.043294,30.382,310584,2040,6251,43,100,0
1774605346.0645454,2026-03-27T10:55:46.064545,30.382,310584,2040,6251,43,100,0
1774605346.0855439,2026-03-27T10:55:46.085544,30.652,310584,2040,6251,43,100,0
1774605346.1022935,2026-03-27T10:55:46.102293,30.652,313640,2040,6251,43,100,0
1774605346.1172934,2026-03-27T10:55:46.117293,30.652,313640,2040,6251,43,100,0
1774605346.129457,2026-03-27T10:55:46.129457,30.652,313640,2040,6251,43,100,0
1774605346.1452925,2026-03-27T10:55:46.145293,30.652,313640,2040,6251,43,100,0
1774605346.1613145,2026-03-27T10:55:46.161314,30.652,313640,2040,6251,43,100,0
1774605346.1762946,2026-03-27T10:55:46.176295,30.661,313640,2040,6251,43,100,0
1774605346.1912935,2026-03-27T10:55:46.191293,30.661,313640,2040,6251,43,100,0
1774605346.2052941,2026-03-27T10:55:46.205294,30.661,316696,2040,6251,43,100,0
1774605346.2253547,2026-03-27T10:55:46.225355,30.661,316696,2040,6251,43,100,0
1774605346.247654,2026-03-27T10:55:46.247654,30.661,316696,2040,6251,43,100,0
1774605346.264178,2026-03-27T10:55:46.264178,30.661,316696,2040,6251,43,100,0
1774605346.285497,2026-03-27T10:55:46.285497,30.67,316696,2040,6251,43,100,0
1774605346.3022943,2026-03-27T10:55:46.302294,30.67,319752,2040,6251,43,100,0
1774605346.3162937,2026-03-27T10:55:46.316294,30.67,319752,2040,6251,43,100,0
1774605346.3332942,2026-03-27T10:55:46.333294,30.67,319752,2040,6251,43,100,0
1774605346.3495147,2026-03-27T10:55:46.349515,30.67,319752,2040,6251,43,100,0
1774605346.3617547,2026-03-27T10:55:46.361755,30.67,319752,2040,6251,43,100,0
1774605346.3760116,2026-03-27T10:55:46.376012,30.669,319752,2040,6251,43,100,0
1774605346.3916533,2026-03-27T10:55:46.391653,30.669,319752,2040,6251,43,100,0
1774605346.4075491,2026-03-27T10:55:46.407549,30.669,322811,2040,6251,43,100,0
1774605346.4214396,2026-03-27T10:55:46.421440,30.669,322811,2040,6251,43,100,0
1774605346.4392931,2026-03-27T10:55:46.439293,30.669,322811,2040,6251,43,100,0
1774605346.4515197,2026-03-27T10:55:46.451520,30.669,322811,2040,6251,43,100,0
1774605346.4654396,2026-03-27T10:55:46.465440,30.669,322811,2040,6251,43,100,0
1774605346.4832942,2026-03-27T10:55:46.483294,30.677,322811,2040,6251,43,100,0
1774605346.5095572,2026-03-27T10:55:46.509557,30.677,325867,2040,6251,43,100,0
1774605346.5217445,2026-03-27T10:55:46.521744,30.677,325867,2040,6251,43,100,0
1774605346.5364485,2026-03-27T10:55:46.536448,30.677,325867,2040,6251,43,100,0
1774605346.5542943,2026-03-27T10:55:46.554294,30.677,325867,2040,6251,43,100,0
1774605346.5665164,2026-03-27T10:55:46.566516,30.677,325867,2040,6251,43,100,0
1774605346.5848114,2026-03-27T10:55:46.584811,30.677,325867,2040,6251,43,100,0
1774605346.6025467,2026-03-27T10:55:46.602547,30.677,328929,2040,6251,43,100,0
1774605346.614579,2026-03-27T10:55:46.614579,30.677,328929,2040,6251,43,100,0
1774605346.6312954,2026-03-27T10:55:46.631295,30.677,328929,2040,6251,43,100,0
1774605346.6435747,2026-03-27T10:55:46.643575,30.677,328929,2040,6251,43,100,0
1774605346.6659234,2026-03-27T10:55:46.665923,30.677,328929,2040,6251,43,100,0
1774605346.6811109,2026-03-27T10:55:46.681111,30.677,328929,2040,6251,43,100,0
1774605346.6961036,2026-03-27T10:55:46.696104,30.677,328929,2040,6251,43,100,0
1774605346.711405,2026-03-27T10:55:46.711405,30.677,331876,2040,6251,43,100,0
1774605346.7252064,2026-03-27T10:55:46.725206,30.677,331876,2040,6251,43,100,0
1774605346.743677,2026-03-27T10:55:46.743677,30.677,331876,2040,6251,43,100,0
1774605346.7641647,2026-03-27T10:55:46.764165,30.677,331876,2040,6251,43,100,0
1774605346.7794108,2026-03-27T10:55:46.779411,30.45,331876,2040,6251,43,100,0
1774605346.7949889,2026-03-27T10:55:46.794989,30.45,331876,2040,6251,43,100,0
1774605346.807228,2026-03-27T10:55:46.807228,30.45,334652,2040,6251,43,100,0
1774605346.8230438,2026-03-27T10:55:46.823044,30.45,334652,2040,6251,43,100,0
1774605346.846374,2026-03-27T10:55:46.846374,30.45,334652,2040,6251,43,100,0
1774605346.8629897,2026-03-27T10:55:46.862990,30.45,334652,2040,6251,43,100,0
1774605346.886304,2026-03-27T10:55:46.886304,30.213,334652,2040,6251,43,100,0
1774605346.9036782,2026-03-27T10:55:46.903678,30.213,337444,2040,6251,43,3,0
1774605346.9265373,2026-03-27T10:55:46.926537,30.213,337444,2040,6251,43,3,0
1774605346.9463198,2026-03-27T10:55:46.946320,30.213,337444,2040,6251,43,3,0
1774605346.9589386,2026-03-27T10:55:46.958939,30.213,337444,2040,6251,43,3,0
1774605346.9743557,2026-03-27T10:55:46.974356,30.213,337444,2040,6251,43,3,0
1774605346.9871233,2026-03-27T10:55:46.987123,29.95,337444,2040,6251,43,3,0
1774605347.002953,2026-03-27T10:55:47.002953,29.95,340318,2040,6251,43,3,0
1774605347.0195613,2026-03-27T10:55:47.019561,29.95,340318,2040,6251,43,3,0
1774605347.0316994,2026-03-27T10:55:47.031699,29.95,340318,2040,6251,43,3,0
1774605347.044096,2026-03-27T10:55:47.044096,29.95,340318,2040,6251,43,3,0
1774605347.0611124,2026-03-27T10:55:47.061112,29.95,340318,2040,6251,43,3,0
1774605347.0735598,2026-03-27T10:55:47.073560,29.95,340318,2040,6251,43,3,0
1774605347.086728,2026-03-27T10:55:47.086728,30.125,340318,2040,6251,43,3,0
1774605347.0989683,2026-03-27T10:55:47.098968,30.125,343178,2040,6251,43,21,3
1774605347.1122732,2026-03-27T10:55:47.112273,30.125,343178,2040,6251,43,21,3
1774605347.124533,2026-03-27T10:55:47.124533,30.125,343178,2040,6251,43,21,3
1774605347.1389868,2026-03-27T10:55:47.138987,30.125,343178,2040,6251,43,21,3
1774605347.151094,2026-03-27T10:55:47.151094,30.125,343178,2040,6251,43,21,3
1774605347.1634238,2026-03-27T10:55:47.163424,30.125,343178,2040,6251,43,21,3
1774605347.1787035,2026-03-27T10:55:47.178704,29.809,343178,2040,6251,43,21,3
1774605347.1908102,2026-03-27T10:55:47.190810,29.809,343178,2040,6251,43,21,3
1774605347.2034783,2026-03-27T10:55:47.203478,29.809,345959,2040,6251,43,21,3
1774605347.218755,2026-03-27T10:55:47.218755,29.809,345959,2040,6251,43,21,3
1774605347.2316856,2026-03-27T10:55:47.231686,29.809,345959,2040,6251,43,21,3
1774605347.243923,2026-03-27T10:55:47.243923,29.809,345959,2040,6251,43,21,3
1774605347.2585943,2026-03-27T10:55:47.258594,29.809,345959,2040,6251,43,21,3
1774605347.2706876,2026-03-27T10:55:47.270688,29.809,345959,2040,6251,43,21,3
1774605347.2829158,2026-03-27T10:55:47.282916,29.629,345959,2040,6251,43,21,3
1774605347.3026633,2026-03-27T10:55:47.302663,29.629,348777,2040,6251,43,0,0
1774605347.3252344,2026-03-27T10:55:47.325234,29.629,348777,2040,6251,43,0,0
1774605347.4383302,2026-03-27T10:55:47.438330,29.555,351752,2040,6251,43,0,0
1774605347.4607093,2026-03-27T10:55:47.460709,29.555,351752,2040,6251,43,0,0
1774605347.4838545,2026-03-27T10:55:47.483855,29.555,354537,2040,6251,43,1,0
1774605347.581874,2026-03-27T10:55:47.581874,29.26,357286,2040,6251,43,1,0
1774605347.689174,2026-03-27T10:55:47.689174,28.974,357286,2040,6251,43,1,0
1774605347.701777,2026-03-27T10:55:47.701777,28.974,360015,2040,6251,43,1,0
1774605347.7143016,2026-03-27T10:55:47.714302,28.705,360015,2040,6251,43,1,0
1774605347.727127,2026-03-27T10:55:47.727127,28.705,360015,2040,6251,43,0,0
1774605347.7395065,2026-03-27T10:55:47.739506,28.705,360015,2040,6251,43,0,0
1774605347.7521138,2026-03-27T10:55:47.752114,28.705,360015,2040,6251,43,0,0
1774605347.76507,2026-03-27T10:55:47.765070,28.705,360015,2040,6251,43,0,0
1774605347.7791874,2026-03-27T10:55:47.779187,28.705,360015,2040,6251,43,0,0
1774605347.7922986,2026-03-27T10:55:47.792299,28.705,360015,2040,6251,43,0,0
1774605347.8057206,2026-03-27T10:55:47.805721,28.705,362817,2040,6251,43,0,0
1774605347.8190963,2026-03-27T10:55:47.819096,28.697,362817,2040,6251,43,0,0
1774605347.8316991,2026-03-27T10:55:47.831699,28.697,365562,2040,6251,43,0,0
1774605347.9341555,2026-03-27T10:55:47.934155,28.656,365562,2040,6251,43,0,0
1774605347.9493139,2026-03-27T10:55:47.949314,28.656,365562,2040,6251,43,0,0
1774605347.9616885,2026-03-27T10:55:47.961689,28.656,365562,2040,6251,43,0,0
1774605347.9737988,2026-03-27T10:55:47.973799,28.656,365562,2040,6251,43,0,0