op_name,pe,freq_mhz,energy_consumed_uj,executiontime_ns,average_waittime_ns
GETRF(0),0,2040,6923000,263389184,0
TRSM_R(1;0),0,2040,10471544,430650368,0
TRSM_R(2;0),0,2040,10427056,433271808,0
TRSM_R(3;0),0,2040,10316931,426572800,0
TRSM_R(4;0),0,2040,10385751,429972480,0
TRSM_L(0;4),0,2040,10045917,403948544,0
TRSM_R(5;0),0,2040,10354756,428466176,0
TRSM_R(6;0),0,2040,10339763,426699776,0
TRSM_R(7;0),0,2040,10359250,429483008,0
GEMM(1;4;0),0,2040,18659816,776832000,0
GEMM(2;4;0),0,2040,18651050,776837120,0
GEMM(3;4;0),0,2040,18738683,784680960,0
GEMM(4;4;0),0,2040,18616592,776863744,0
GEMM(5;4;0),0,2040,18724504,775369728,0
GEMM(6;4;0),0,2040,18621867,769116160,0
GEMM(7;4;0),0,2040,18709829,769581056,0
TRSM_L(1;4),0,2040,77070070,3228690432,114009618842
GEMM(2;4;1),0,2040,160635115,7026245632,7782
GEMM(3;4;1),0,2040,201351662,8835781632,7373
GEMM(4;4;1),0,2040,220801752,9578532864,7373
GEMM(5;4;1),0,2040,210320164,9135858688,7168
GEMM(6;4;1),0,2040,199522208,8873997312,6963
GEMM(7;4;1),0,2040,204800558,8970616832,7373
TRSM_L(2;4),0,2040,90275358,3898994688,47823911117
GEMM(3;4;2),0,2040,230379573,10021246976,7373
GEMM(4;4;2),0,2040,247324924,10771497984,7168
GEMM(5;4;2),0,2040,246816372,10747768832,7168
GEMM(6;4;2),0,2040,259080346,11174426624,7578
GEMM(7;4;2),0,2040,245017960,10783739904,7373
TRSM_L(3;4),0,2040,93937960,4063779840,2318785536
GEMM(4;4;3),0,2040,264759886,11484332032,7373
GEMM(5;4;3),0,2040,263815052,11363986432,7168
GEMM(6;4;3),0,2040,260582557,11298129920,7168
GEMM(7;4;3),0,2040,271414056,11904900096,7168
GETRF(4),0,2040,6661570,262621184,0
TRSM_R(5;4),0,2040,10447226,428014592,0
TRSM_R(6;4),0,2040,10510389,431810560,0
TRSM_R(7;4),0,2040,10376726,426190848,0
GETRF(0),0,2040,6990817,262647808,0
TRSM_R(1;0),0,2040,10548973,424743936,0
TRSM_R(2;0),0,2040,10517034,431569920,0
TRSM_R(3;0),0,2040,10508474,429691904,0
TRSM_R(4;0),0,2040,10422848,424888320,0
TRSM_L(0;4),0,2040,10048769,396950528,0
TRSM_R(5;0),0,2040,10509257,430162944,0
TRSM_R(6;0),0,2040,10499601,430461952,0
TRSM_R(7;0),0,2040,10438977,427276288,0
GEMM(1;4;0),0,2040,18950474,781075456,0
GEMM(2;4;0),0,2040,18823119,775479296,0
GEMM(3;4;0),0,2040,18785040,774598656,0
GEMM(4;4;0),0,2040,18803755,774124544,0
GEMM(5;4;0),0,2040,18967582,774176768,0
GEMM(6;4;0),0,2040,18787682,766184448,0
GEMM(7;4;0),0,2040,18813235,766124032,0
TRSM_L(1;4),0,2040,82374315,3426867200,114009618842
GEMM(2;4;1),0,2040,155566272,6699334656,7782
GEMM(3;4;1),0,2040,219298956,9324147712,7373
GEMM(4;4;1),0,2040,218240373,9582789632,7373
GEMM(5;4;1),0,2040,201860474,8633131008,7168
GEMM(6;4;1),0,2040,208332692,8956666880,6963
GEMM(7;4;1),0,2040,203818544,8965718016,7373
TRSM_L(2;4),0,2040,92252458,3914168320,47823911117
GEMM(3;4;2),0,2040,238617824,10243964928,7373
GEMM(4;4;2),0,2040,245681515,10650010624,7168
GEMM(5;4;2),0,2040,252762980,10853994496,7168
GEMM(6;4;2),0,2040,254938944,10958425088,7578
GEMM(7;4;2),0,2040,248826481,10816111616,7373
TRSM_L(3;4),0,2040,95223481,4006000640,2318785536
GEMM(4;4;3),0,2040,263436315,11400970240,7373
GEMM(5;4;3),0,2040,260014765,11268344832,7168
GEMM(6;4;3),0,2040,280988204,12091031552,7168
GEMM(7;4;3),0,2040,273751666,11815036928,7168
GETRF(4),0,2040,7818644,262124544,0
TRSM_R(5;4),0,2040,10422340,424413184,0
TRSM_R(6;4),0,2040,10571519,432192512,0
TRSM_R(7;4),0,2040,10476929,427021312,0
GETRF(0),0,2040,6952202,262426624,0
TRSM_R(1;0),0,2040,10483664,427127808,0
TRSM_R(2;0),0,2040,10536426,431243264,0
TRSM_R(3;0),0,2040,10461069,425201664,0
TRSM_R(4;0),0,2040,10606832,432291840,0
TRSM_L(0;4),0,2040,10068440,396383232,0
TRSM_R(5;0),0,2040,10513768,427565056,0
TRSM_R(6;0),0,2040,10516875,429852672,0
TRSM_R(7;0),0,2040,10505735,429551616,0
GEMM(1;4;0),0,2040,18934300,775816192,0
GEMM(2;4;0),0,2040,18865706,774073344,0
GEMM(3;4;0),0,2040,18891979,776734720,0
GEMM(4;4;0),0,2040,18897597,775481344,0
GEMM(5;4;0),0,2040,18835421,764670976,0
GEMM(6;4;0),0,2040,18835942,765333504,0
GEMM(7;4;0),0,2040,18896248,765808640,0
TRSM_L(1;4),0,2040,79526538,3410309120,114009618842
GEMM(2;4;1),0,2040,156815663,6707009536,7782
GEMM(3;4;1),0,2040,205790259,8734574592,7373
GEMM(4;4;1),0,2040,215289390,9301207040,7373
GEMM(5;4;1),0,2040,207375197,8928965632,7168
GEMM(6;4;1),0,2040,209464783,9052654592,6963
GEMM(7;4;1),0,2040,202899990,8801954816,7373
TRSM_L(2;4),0,2040,89205656,3769311232,47823911117
GEMM(3;4;2),0,2040,233200440,10082745344,7373
GEMM(4;4;2),0,2040,259246428,11084995584,7168
GEMM(5;4;2),0,2040,250631321,10796722176,7168
GEMM(6;4;2),0,2040,255689752,10937449472,7578
GEMM(7;4;2),0,2040,246494054,10737383424,7373
TRSM_L(3;4),0,2040,103271742,4316570624,2318785536
GEMM(4;4;3),0,2040,276178979,11889016832,7373
GEMM(5;4;3),0,2040,267072603,11598142464,7168
GEMM(6;4;3),0,2040,259911795,11226927104,7168
GEMM(7;4;3),0,2040,271377454,11720380416,7168
GETRF(4),0,2040,8221587,261679104,0
TRSM_R(5;4),0,2040,10460383,425627648,0
TRSM_R(6;4),0,2040,10558659,431430656,0
TRSM_R(7;4),0,2040,10462132,425784320,0
GETRF(0),0,2040,7010249,261761024,0
TRSM_R(1;0),0,2040,10439419,425616384,0
TRSM_R(2;0),0,2040,10572745,431722496,0
TRSM_R(3;0),0,2040,10453061,425671680,0
TRSM_R(4;0),0,2040,10573620,431223808,0
TRSM_L(0;4),0,2040,10079937,396238848,0
TRSM_R(5;0),0,2040,10542763,428105728,0
TRSM_R(6;0),0,2040,10496369,428471296,0
TRSM_R(7;0),0,2040,10545266,430852096,0
GEMM(1;4;0),0,2040,18810110,768124928,0
GEMM(2;4;0),0,2040,19007199,781044736,0
GEMM(3;4;0),0,2040,18914094,776782848,0
GEMM(4;4;0),0,2040,18981333,779748352,0
GEMM(5;4;0),0,2040,18873535,768487424,0
GEMM(6;4;0),0,2040,18879046,767067136,0
GEMM(7;4;0),0,2040,18995228,772621312,0
TRSM_L(1;4),0,2040,83166739,3479177216,114009618842
GEMM(2;4;1),0,2040,176707024,7533104128,7782
GEMM(3;4;1),0,2040,203439203,8712225792,7373
GEMM(4;4;1),0,2040,205724202,8873914368,7373
GEMM(5;4;1),0,2040,219540329,9266623488,7168
GEMM(6;4;1),0,2040,202742648,8864632832,6963
GEMM(7;4;1),0,2040,218987057,9530846208,7373
TRSM_L(2;4),0,2040,95764284,4051701760,47823911117
GEMM(3;4;2),0,2040,233828228,10031521792,7373
GEMM(4;4;2),0,2040,254552121,10868624384,7168
GEMM(5;4;2),0,2040,248031409,10707244032,7168
GEMM(6;4;2),0,2040,254144487,10999735296,7578
GEMM(7;4;2),0,2040,250584034,10811009024,7373
TRSM_L(3;4),0,2040,93575187,3953609728,2318785536
GEMM(4;4;3),0,2040,287592057,12281886720,7373
GEMM(5;4;3),0,2040,283904512,12165995520,7168
GEMM(6;4;3),0,2040,281383509,12248358912,7168
GEMM(7;4;3),0,2040,269854149,11660707840,7168
GETRF(4),0,2040,8202362,261555200,0
TRSM_R(5;4),0,2040,10473257,425295872,0
TRSM_R(6;4),0,2040,10574180,431100928,0
TRSM_R(7;4),0,2040,10453230,425302016,0
GETRF(0),0,2040,6968509,262003712,0
TRSM_R(1;0),0,2040,10481846,426431488,0
TRSM_R(2;0),0,2040,10545332,430860288,0
TRSM_R(3;0),0,2040,10458028,424786944,0
TRSM_R(4;0),0,2040,10606839,431940608,0
TRSM_L(0;4),0,2040,9946241,388272128,0
TRSM_R(5;0),0,2040,10518772,426785792,0
TRSM_R(6;0),0,2040,10555756,430855168,0
TRSM_R(7;0),0,2040,10449190,424615936,0
GEMM(1;4;0),0,2040,19025860,779364352,0
GEMM(2;4;0),0,2040,18867173,772541440,0
GEMM(3;4;0),0,2040,18970289,779247616,0
GEMM(4;4;0),0,2040,18876618,773142528,0
GEMM(5;4;0),0,2040,18935753,768248832,0
GEMM(6;4;0),0,2040,18861641,764238848,0
GEMM(7;4;0),0,2040,18895550,765062144,0
TRSM_L(1;4),0,2040,76407994,3232912384,114009618842
GEMM(2;4;1),0,2040,154356356,6516673536,7782
GEMM(3;4;1),0,2040,206576285,8935535616,7373
GEMM(4;4;1),0,2040,210393992,9012884480,7373
GEMM(5;4;1),0,2040,216244795,9318632448,7168
GEMM(6;4;1),0,2040,205870684,8933841920,6963
GEMM(7;4;1),0,2040,217714241,9349098496,7373
TRSM_L(2;4),0,2040,93831882,4033906688,47823911117
GEMM(3;4;2),0,2040,239670018,10291088384,7373
GEMM(4;4;2),0,2040,253471461,10912217088,7168
GEMM(5;4;2),0,2040,264127762,11126610944,7168
GEMM(6;4;2),0,2040,249771596,11017800704,7578
GEMM(7;4;2),0,2040,252946505,10826827776,7373
TRSM_L(3;4),0,2040,98367911,4128001024,2318785536
GEMM(4;4;3),0,2040,268605241,11479275520,7373
GEMM(5;4;3),0,2040,262247789,11411001344,7168
GEMM(6;4;3),0,2040,267921527,11407312896,7168
GEMM(7;4;3),0,2040,276988829,12080296960,7168
GETRF(4),0,2040,7703307,261696512,0
TRSM_R(5;4),0,2040,10322681,423924736,0
TRSM_R(6;4),0,2040,10588765,431771648,0
TRSM_R(7;4),0,2040,10490035,426770432,0
TRSM_L(0;1),1,2040,116010580,3405252608,262438912
TRSM_L(0;5),1,2040,112837726,3242711040,4096
GEMM(1;1;0),1,2040,272584654,8199840768,3277
GEMM(1;5;0),1,2040,286020288,8382428160,3686
GEMM(2;1;0),1,2040,277872135,8164292608,3482
GEMM(2;5;0),1,2040,267198446,7957167104,3482
GEMM(3;1;0),1,2040,280100229,8277981184,3072
GEMM(3;5;0),1,2040,278924476,8068622336,3686
GEMM(4;1;0),1,2040,281451044,8238052352,3277
GEMM(4;5;0),1,2040,288267151,8390284288,3277
GEMM(5;1;0),1,2040,279993186,8161853440,3482
GEMM(5;5;0),1,2040,287237951,8220112896,3072
GEMM(6;1;0),1,2040,287203821,8327809024,3277
GEMM(6;5;0),1,2040,280923215,8115336192,3482
GEMM(7;1;0),1,2040,283252948,8052525056,3482
GEMM(7;5;0),1,2040,280481504,8146778112,3482
GETRF(1),1,2040,5953855,108477440,0
TRSM_R(2;1),1,2040,6974605,173979648,0
TRSM_R(3;1),1,2040,7408566,173992960,0
TRSM_R(4;1),1,2040,7247624,174003200,0
TRSM_R(5;1),1,2040,6924766,174005248,0
TRSM_L(1;5),1,2040,7362165,162107392,0
TRSM_R(6;1),1,2040,6979072,173996032,0
TRSM_R(7;1),1,2040,7546347,174003200,0
GEMM(2;5;1),1,2040,12677804,321041408,0
GEMM(3;5;1),1,2040,12690952,321026048,0
GEMM(4;5;1),1,2040,12958875,321011712,0
GEMM(5;5;1),1,2040,12828358,321024000,0
GEMM(6;5;1),1,2040,12994861,321030144,0
GEMM(7;5;1),1,2040,12503340,321022976,0
TRSM_L(2;5),1,2040,140494885,3890500608,100237553254
GEMM(3;5;2),1,2040,354743330,10005114880,3686
GEMM(4;5;2),1,2040,382549556,10766940160,3072
GEMM(5;5;2),1,2040,383353002,10732785664,3686
GEMM(6;5;2),1,2040,397718901,11170485248,3482
GEMM(7;5;2),1,2040,387681767,10776536064,3482
TRSM_L(3;5),1,2040,148234097,4055305216,2362918707
GEMM(4;5;3),1,2040,419840816,11481924608,3891
GEMM(5;5;3),1,2040,408448759,11357925376,3072
GEMM(6;5;3),1,2040,412001720,11292904448,3686
GEMM(7;5;3),1,2040,434111369,11910295552,3482
TRSM_L(4;5),1,2040,125950697,3363930112,276991795
GEMM(5;5;4),1,2040,300457274,8230919168,3891
GEMM(6;5;4),1,2040,296983768,8163640320,3686
GEMM(7;5;4),1,2040,292137577,8039616512,3482
GETRF(5),1,2040,4799551,108430336,0
TRSM_R(6;5),1,2040,7901125,173924352,0
TRSM_R(7;5),1,2040,7118242,173925376,0
TRSM_L(0;1),1,2040,123015640,3237948416,262438912
TRSM_L(0;5),1,2040,118022187,3190390784,4096
GEMM(1;1;0),1,2040,305580685,8394428416,3277
GEMM(1;5;0),1,2040,309437392,8304291840,3686
GEMM(2;1;0),1,2040,306580527,8473459712,3482
GEMM(2;5;0),1,2040,305840278,8335162368,3482
GEMM(3;1;0),1,2040,305491960,8403899392,3072
GEMM(3;5;0),1,2040,301089465,8190521344,3686
GEMM(4;1;0),1,2040,311031344,8366557184,3277
GEMM(4;5;0),1,2040,304852653,8334460928,3277
GEMM(5;1;0),1,2040,302282948,8191841280,3482
GEMM(5;5;0),1,2040,298943083,8178485248,3072
GEMM(6;1;0),1,2040,311571711,8314759168,3277
GEMM(6;5;0),1,2040,297193490,8166222848,3482
GEMM(7;1;0),1,2040,307663237,8306098176,3482
GEMM(7;5;0),1,2040,301623038,8274635776,3482
GETRF(1),1,2040,5720233,108424192,0
TRSM_R(2;1),1,2040,7440021,173920256,0
TRSM_R(3;1),1,2040,7562773,173934592,0
TRSM_R(4;1),1,2040,7544588,173940736,0
TRSM_R(5;1),1,2040,7556486,173946880,0
TRSM_L(1;5),1,2040,7585979,162045952,0
TRSM_R(6;1),1,2040,7831402,173938688,0
TRSM_R(7;1),1,2040,7127110,173950976,0
GEMM(2;5;1),1,2040,13786841,321244160,0
GEMM(3;5;1),1,2040,13524479,321231872,0
GEMM(4;5;1),1,2040,13137655,321231872,0
GEMM(5;5;1),1,2040,13745647,321233920,0
GEMM(6;5;1),1,2040,13370934,321240064,0
GEMM(7;5;1),1,2040,13217091,321219584,0
TRSM_L(2;5),1,2040,148788063,3907053568,100237553254
GEMM(3;5;2),1,2040,378056059,10236917760,3686
GEMM(4;5;2),1,2040,390076015,10642370560,3072
GEMM(5;5;2),1,2040,396779352,10850499584,3686
GEMM(6;5;2),1,2040,406954931,10951863296,3482
GEMM(7;5;2),1,2040,397135036,10813600768,3482
TRSM_L(3;5),1,2040,151939715,3998513152,2362918707
GEMM(4;5;3),1,2040,419166768,11399311360,3891
GEMM(5;5;3),1,2040,417794814,11261578240,3072
GEMM(6;5;3),1,2040,447381473,12083065856,3686
GEMM(7;5;3),1,2040,434594222,11821544448,3482
TRSM_L(4;5),1,2040,125041267,3303848960,276991795
GEMM(5;5;4),1,2040,310486433,8327975936,3891
GEMM(6;5;4),1,2040,314818307,8547631104,3686
GEMM(7;5;4),1,2040,310136046,8397324288,3482
GETRF(5),1,2040,2874732,108427264,0
TRSM_R(6;5),1,2040,7725599,173925376,0
TRSM_R(7;5),1,2040,7131262,173924352,0
TRSM_L(0;1),1,2040,128173040,3359553536,262438912
TRSM_L(0;5),1,2040,123794808,3368828928,4096
GEMM(1;1;0),1,2040,308864021,8341349376,3277
GEMM(1;5;0),1,2040,310094419,8316158976,3686
GEMM(2;1;0),1,2040,310385268,8422421504,3482
GEMM(2;5;0),1,2040,318905583,8525270016,3482
GEMM(3;1;0),1,2040,303356665,8226024448,3072
GEMM(3;5;0),1,2040,311218096,8373776384,3686
GEMM(4;1;0),1,2040,311836221,8375705600,3277
GEMM(4;5;0),1,2040,318805497,8619079680,3277
GEMM(5;1;0),1,2040,308194681,8293131264,3482
GEMM(5;5;0),1,2040,313816330,8445105152,3072
GEMM(6;1;0),1,2040,307457700,8225240064,3277
GEMM(6;5;0),1,2040,314874700,8488638464,3482
GEMM(7;1;0),1,2040,307417616,8323927040,3482
GEMM(7;5;0),1,2040,309601695,8320824320,3482
GETRF(1),1,2040,3091064,108432384,0
TRSM_R(2;1),1,2040,7732919,173922304,0
TRSM_R(3;1),1,2040,7878279,173934592,0
TRSM_R(4;1),1,2040,7307629,173938688,0
TRSM_R(5;1),1,2040,7960843,173941760,0
TRSM_L(1;5),1,2040,7192718,162051072,0
TRSM_R(6;1),1,2040,7961456,173931520,0
TRSM_R(7;1),1,2040,7318684,173944832,0
GEMM(2;5;1),1,2040,13706537,321241088,0
GEMM(3;5;1),1,2040,13729793,321231872,0
GEMM(4;5;1),1,2040,13357625,321218560,0
GEMM(5;5;1),1,2040,13387946,321219584,0
GEMM(6;5;1),1,2040,13851108,321235968,0
GEMM(7;5;1),1,2040,13371509,321222656,0
TRSM_L(2;5),1,2040,139982752,3756217344,100237553254
GEMM(3;5;2),1,2040,375080693,10069667840,3686
GEMM(4;5;2),1,2040,409928049,11080845312,3072
GEMM(5;5;2),1,2040,400198491,10790914048,3686
GEMM(6;5;2),1,2040,403909479,10932436992,3482
GEMM(7;5;2),1,2040,394588715,10728933376,3482
TRSM_L(3;5),1,2040,165130690,4309993472,2362918707
GEMM(4;5;3),1,2040,436263926,11883255808,3891
GEMM(5;5;3),1,2040,428967901,11596080128,3072
GEMM(6;5;3),1,2040,414063298,11224531968,3686
GEMM(7;5;3),1,2040,437020710,11725350912,3482
TRSM_L(4;5),1,2040,129329577,3393674240,276991795
GEMM(5;5;4),1,2040,306033841,8297871360,3891
GEMM(6;5;4),1,2040,303533446,8050863104,3686
GEMM(7;5;4),1,2040,296369973,8056027136,3482
GETRF(5),1,2040,4190439,108426240,0
TRSM_R(6;5),1,2040,7551194,173926400,0
TRSM_R(7;5),1,2040,7663707,173927424,0
TRSM_L(0;1),1,2040,136021316,3614046208,262438912
TRSM_L(0;5),1,2040,125438000,3204665344,4096
GEMM(1;1;0),1,2040,308726239,8430408704,3277
GEMM(1;5;0),1,2040,313601898,8363439104,3686
GEMM(2;1;0),1,2040,306898125,8338533376,3482
GEMM(2;5;0),1,2040,306901603,8225217536,3482
GEMM(3;1;0),1,2040,306516141,8246567936,3072
GEMM(3;5;0),1,2040,304682377,8252491776,3686
GEMM(4;1;0),1,2040,314172502,8313350144,3277
GEMM(4;5;0),1,2040,307799119,8383863808,3277
GEMM(5;1;0),1,2040,311801700,8355389440,3482
GEMM(5;5;0),1,2040,312899155,8358367232,3072
GEMM(6;1;0),1,2040,311266050,8489122816,3277
GEMM(6;5;0),1,2040,311831982,8219324416,3482
GEMM(7;1;0),1,2040,308226280,8364469248,3482
GEMM(7;5;0),1,2040,305877801,8226741248,3482
GETRF(1),1,2040,4898772,108431360,0
TRSM_R(2;1),1,2040,7663087,173921280,0
TRSM_R(3;1),1,2040,7582908,173940736,0
TRSM_R(4;1),1,2040,7487378,173938688,0
TRSM_R(5;1),1,2040,7768054,173943808,0
TRSM_L(1;5),1,2040,7609268,162050048,0
TRSM_R(6;1),1,2040,7760788,173933568,0
TRSM_R(7;1),1,2040,7427874,173944832,0
GEMM(2;5;1),1,2040,13816935,321240064,0
GEMM(3;5;1),1,2040,13551460,321232896,0
GEMM(4;5;1),1,2040,13403396,321222656,0
GEMM(5;5;1),1,2040,13384817,321229824,0
GEMM(6;5;1),1,2040,13751658,321238016,0
GEMM(7;5;1),1,2040,13427813,321235968,0
TRSM_L(2;5),1,2040,150955169,4044735488,100237553254
GEMM(3;5;2),1,2040,372831696,10022086656,3686
GEMM(4;5;2),1,2040,400434641,10857447424,3072
GEMM(5;5;2),1,2040,393662564,10697264128,3686
GEMM(6;5;2),1,2040,412978384,10992395264,3482
GEMM(7;5;2),1,2040,396954824,10807838720,3482
TRSM_L(3;5),1,2040,147814511,3946564608,2362918707
GEMM(4;5;3),1,2040,459075493,12277904384,3891
GEMM(5;5;3),1,2040,446747470,12159539200,3072
GEMM(6;5;3),1,2040,457624747,12247368704,3686
GEMM(7;5;3),1,2040,429970857,11664489472,3482
TRSM_L(4;5),1,2040,135839816,3606363136,276991795
GEMM(5;5;4),1,2040,311231977,8417763328,3891
GEMM(6;5;4),1,2040,304379351,8102922240,3686
GEMM(7;5;4),1,2040,297465344,8062170112,3482
GETRF(5),1,2040,3973442,108430336,0
TRSM_R(6;5),1,2040,7837861,173915136,0
TRSM_R(7;5),1,2040,7345848,173926400,0
TRSM_L(0;1),1,2040,124201457,3311963136,262438912
TRSM_L(0;5),1,2040,125608080,3337995264,4096
GEMM(1;1;0),1,2040,307866721,8193998848,3277
GEMM(1;5;0),1,2040,300799755,8045298688,3686
GEMM(2;1;0),1,2040,304947569,8281858048,3482
GEMM(2;5;0),1,2040,301280938,8107022336,3482
GEMM(3;1;0),1,2040,304819924,8171800576,3072
GEMM(3;5;0),1,2040,294915456,8016817152,3686
GEMM(4;1;0),1,2040,314578971,8374070272,3277
GEMM(4;5;0),1,2040,308472070,8362308608,3277
GEMM(5;1;0),1,2040,313189402,8390306816,3482
GEMM(5;5;0),1,2040,309406829,8325994496,3072
GEMM(6;1;0),1,2040,311019275,8330488832,3277
GEMM(6;5;0),1,2040,310856303,8255464448,3482
GEMM(7;1;0),1,2040,302647176,8218916864,3482
GEMM(7;5;0),1,2040,314386818,8397382656,3482
GETRF(1),1,2040,3973625,108430336,0
TRSM_R(2;1),1,2040,7802682,173922304,0
TRSM_R(3;1),1,2040,7295224,173931520,0
TRSM_R(4;1),1,2040,7923273,173935616,0
TRSM_R(5;1),1,2040,7502261,173945856,0
TRSM_L(1;5),1,2040,7724108,162048000,0
TRSM_R(6;1),1,2040,7732637,173933568,0
TRSM_R(7;1),1,2040,7577960,173940736,0
GEMM(2;5;1),1,2040,13808690,321231872,0
GEMM(3;5;1),1,2040,13494928,321225728,0
GEMM(4;5;1),1,2040,13217100,321217536,0
GEMM(5;5;1),1,2040,13864025,321231872,0
GEMM(6;5;1),1,2040,13391308,321238016,0
GEMM(7;5;1),1,2040,13662850,321231872,0
TRSM_L(2;5),1,2040,153446617,4026124288,100237553254
GEMM(3;5;2),1,2040,381855441,10282288128,3686
GEMM(4;5;2),1,2040,400902723,10906509312,3072
GEMM(5;5;2),1,2040,415847448,11120730112,3686
GEMM(6;5;2),1,2040,404108663,11016476672,3482
GEMM(7;5;2),1,2040,399495542,10822174720,3482
TRSM_L(3;5),1,2040,156786982,4122472448,2362918707
GEMM(4;5;3),1,2040,420032745,11469915136,3891
GEMM(5;5;3),1,2040,420712320,11404638208,3072
GEMM(6;5;3),1,2040,417329529,11404659712,3686
GEMM(7;5;3),1,2040,449840220,12089075712,3482
TRSM_L(4;5),1,2040,126344621,3392830464,276991795
GEMM(5;5;4),1,2040,307243718,8209105920,3891
GEMM(6;5;4),1,2040,302590880,8167416832,3686
GEMM(7;5;4),1,2040,306601450,8255538176,3482
GETRF(5),1,2040,4412060,108425216,0
TRSM_R(6;5),1,2040,7614864,173922304,0
TRSM_R(7;5),1,2040,7462849,173928448,0
TRSM_L(0;2),2,2040,115334484,3407665152,262437478
TRSM_L(0;6),2,2040,109911170,3243170816,3686
GEMM(1;2;0),2,2040,276308517,8199776256,3686
GEMM(1;6;0),2,2040,283502542,8382918656,3686
GEMM(2;2;0),2,2040,273518766,8165745664,3891
GEMM(2;6;0),2,2040,268608334,7958934528,3891
GEMM(3;2;0),2,2040,277972583,8279035904,3482
GEMM(3;6;0),2,2040,277451288,8069176320,3277
GEMM(4;2;0),2,2040,278562999,8239046656,3277
GEMM(4;6;0),2,2040,285770806,8390593536,3686
GEMM(5;2;0),2,2040,278956641,8163218432,3277
GEMM(5;6;0),2,2040,278565838,8221714432,3482
GEMM(6;2;0),2,2040,281468340,8328954880,3482
GEMM(6;6;0),2,2040,278643265,8116594688,3482
GEMM(7;2;0),2,2040,278343902,8054858752,3482
GEMM(7;6;0),2,2040,276220460,8144627712,3891
TRSM_L(1;2),2,2040,112261343,3221664768,97535795
TRSM_L(1;6),2,2040,120100550,3439034368,3686
GEMM(2;2;1),2,2040,317665509,9237515264,4096
GEMM(2;6;1),2,2040,309519857,9025841152,3891
GEMM(3;2;1),2,2040,328477814,9577791488,3482
GEMM(3;6;1),2,2040,309930430,9020503040,3482
GEMM(4;2;1),2,2040,308971027,8946955264,3072
GEMM(4;6;1),2,2040,244300751,7152673792,3482
GEMM(5;2;1),2,2040,245697245,7145251840,3277
GEMM(5;6;1),2,2040,264962417,7613180928,3482
GEMM(6;2;1),2,2040,266194329,7755423744,3482
GEMM(6;6;1),2,2040,269140903,7731759104,3482
GEMM(7;2;1),2,2040,253314575,7414457344,3686
GEMM(7;6;1),2,2040,227378788,6536284160,3482
GETRF(2),2,2040,4387342,108485632,0
TRSM_R(3;2),2,2040,7213783,173938688,0
TRSM_R(4;2),2,2040,7042911,173965312,0
TRSM_R(5;2),2,2040,7311688,173953024,0
TRSM_R(6;2),2,2040,6768421,173953024,0
TRSM_L(2;6),2,2040,7370491,162037760,0
TRSM_R(7;2),2,2040,7060584,173952000,0
GEMM(3;6;2),2,2040,13001344,321231872,0
GEMM(4;6;2),2,2040,12598326,321208320,0
GEMM(5;6;2),2,2040,12588653,321213440,0
GEMM(6;6;2),2,2040,12655295,321212416,0
GEMM(7;6;2),2,2040,10390647,321216512,0
TRSM_L(3;6),2,2040,140825670,4055779328,57264951091
GEMM(4;6;3),2,2040,399447045,11482743808,3891
GEMM(5;6;3),2,2040,389638069,11359431680,3686
GEMM(6;6;3),2,2040,389391643,11294334976,3072
GEMM(7;6;3),2,2040,409788712,11912097792,3277
TRSM_L(4;6),2,2040,121182016,3365890048,274118246
GEMM(5;6;4),2,2040,286480149,8231925760,3686
GEMM(6;6;4),2,2040,277782053,8164877312,3277
GEMM(7;6;4),2,2040,276906761,8041481216,3277
TRSM_L(5;6),2,2040,100224432,2823322624,107678310
GEMM(6;6;5),2,2040,245860650,7076975616,3891
GEMM(7;6;5),2,2040,245142304,7118444544,3482
GETRF(6),2,2040,4498155,108454912,0
TRSM_R(7;6),2,2040,7115755,173941760,0
TRSM_L(0;2),2,2040,113727791,3240423424,262437478
TRSM_L(0;6),2,2040,112885082,3190915072,3686
GEMM(1;2;0),2,2040,290897799,8395827200,3686
GEMM(1;6;0),2,2040,289667941,8304776192,3686
GEMM(2;2;0),2,2040,291667613,8474787840,3891
GEMM(2;6;0),2,2040,289681273,8336855040,3891
GEMM(3;2;0),2,2040,287438735,8404192256,3482
GEMM(3;6;0),2,2040,287003497,8191937536,3277
GEMM(4;2;0),2,2040,290809800,8367564800,3277
GEMM(4;6;0),2,2040,287563843,8335709184,3686
GEMM(5;2;0),2,2040,281214413,8192119808,3277
GEMM(5;6;0),2,2040,286858431,8180105216,3482
GEMM(6;2;0),2,2040,285212636,8314127360,3482
GEMM(6;6;0),2,2040,281456780,8168105984,3482
GEMM(7;2;0),2,2040,292222621,8307677184,3482
GEMM(7;6;0),2,2040,284077027,8274792448,3891
TRSM_L(1;2),2,2040,119760531,3417544704,97535795
TRSM_L(1;6),2,2040,123573883,3474165760,3686
GEMM(2;2;1),2,2040,311725282,8975219712,4096
GEMM(2;6;1),2,2040,325988939,9386648576,3891
GEMM(3;2;1),2,2040,326396765,9497379840,3482
GEMM(3;6;1),2,2040,298954547,8542154752,3482
GEMM(4;2;1),2,2040,312603683,9090583552,3072
GEMM(4;6;1),2,2040,242311856,7040935936,3482
GEMM(5;2;1),2,2040,239621725,6829312000,3277
GEMM(5;6;1),2,2040,271044913,7873347584,3482
GEMM(6;2;1),2,2040,253451394,7281214464,3482
GEMM(6;6;1),2,2040,238890284,6802555904,3482
GEMM(7;2;1),2,2040,278066298,8040942592,3686
GEMM(7;6;1),2,2040,238720489,6899002368,3482
GETRF(2),2,2040,3875641,108457984,0
TRSM_R(3;2),2,2040,7096265,173942784,0
TRSM_R(4;2),2,2040,7229221,173956096,0
TRSM_R(5;2),2,2040,7123739,173954048,0
TRSM_R(6;2),2,2040,7280715,173961216,0
TRSM_L(2;6),2,2040,7163754,162041856,0
TRSM_R(7;2),2,2040,7373091,173957120,0
GEMM(3;6;2),2,2040,10712113,321227776,0
GEMM(4;6;2),2,2040,14644451,321217536,0
GEMM(5;6;2),2,2040,12548933,321204224,0
GEMM(6;6;2),2,2040,12866773,321211392,0
GEMM(7;6;2),2,2040,13034247,321203200,0
TRSM_L(3;6),2,2040,144060592,3999025152,57264951091
GEMM(4;6;3),2,2040,388879982,11399892992,3891
GEMM(5;6;3),2,2040,397486535,11262771200,3686
GEMM(6;6;3),2,2040,411299142,12084156416,3072
GEMM(7;6;3),2,2040,407733806,11823268864,3277
TRSM_L(4;6),2,2040,117268426,3302230016,274118246
GEMM(5;6;4),2,2040,290493081,8327823360,3686
GEMM(6;6;4),2,2040,293456201,8545396736,3277
GEMM(7;6;4),2,2040,289777467,8394403840,3277
TRSM_L(5;6),2,2040,83209920,2323229696,107678310
GEMM(6;6;5),2,2040,249445062,7183454208,3891
GEMM(7;6;5),2,2040,202767448,5847766016,3482
GETRF(6),2,2040,3868712,108425216,0
TRSM_R(7;6),2,2040,7175218,173939712,0
TRSM_L(0;2),2,2040,117462832,3358617600,262437478
TRSM_L(0;6),2,2040,122542793,3368767488,3686
GEMM(1;2;0),2,2040,287608079,8341268480,3686
GEMM(1;6;0),2,2040,289143648,8316224512,3686
GEMM(2;2;0),2,2040,290781225,8422423552,3891
GEMM(2;6;0),2,2040,294670334,8524922880,3891
GEMM(3;2;0),2,2040,286849789,8226191360,3482
GEMM(3;6;0),2,2040,288057366,8373404672,3277
GEMM(4;2;0),2,2040,293062275,8374695936,3277
GEMM(4;6;0),2,2040,293855653,8619261952,3686
GEMM(5;2;0),2,2040,289575538,8293724160,3277
GEMM(5;6;0),2,2040,293512011,8445413376,3482
GEMM(6;2;0),2,2040,284168821,8225497088,3482
GEMM(6;6;0),2,2040,297514833,8489007104,3482
GEMM(7;2;0),2,2040,284652960,8323482624,3482
GEMM(7;6;0),2,2040,287197119,8321314816,3891
TRSM_L(1;2),2,2040,119588304,3403541504,97535795
TRSM_L(1;6),2,2040,130814498,3646983168,3686
GEMM(2;2;1),2,2040,303983081,8693506048,4096
GEMM(2;6;1),2,2040,301123910,8682920960,3891
GEMM(3;2;1),2,2040,322143842,9383073792,3482
GEMM(3;6;1),2,2040,314612249,9097273344,3482
GEMM(4;2;1),2,2040,305454570,8831895552,3072
GEMM(4;6;1),2,2040,248936879,7211457536,3482
GEMM(5;2;1),2,2040,237498254,6866366464,3277
GEMM(5;6;1),2,2040,280622084,7998298112,3482
GEMM(6;2;1),2,2040,271470545,7819820032,3482
GEMM(6;6;1),2,2040,216052214,6277132288,3482
GEMM(7;2;1),2,2040,231827541,6601674752,3686
GEMM(7;6;1),2,2040,235768790,6779574272,3482
GETRF(2),2,2040,2825180,108432384,0
TRSM_R(3;2),2,2040,7492135,173944832,0
TRSM_R(4;2),2,2040,6843256,173956096,0
TRSM_R(5;2),2,2040,7447314,173948928,0
TRSM_R(6;2),2,2040,7155189,173956096,0
TRSM_L(2;6),2,2040,7297798,162043904,0
TRSM_R(7;2),2,2040,6882257,173961216,0
GEMM(3;6;2),2,2040,12906524,321224704,0
GEMM(4;6;2),2,2040,12629263,321224704,0
GEMM(5;6;2),2,2040,13165291,321216512,0
GEMM(6;6;2),2,2040,12656914,321219584,0
GEMM(7;6;2),2,2040,12773523,321213440,0
TRSM_L(3;6),2,2040,151357005,4308459520,57264951091
GEMM(4;6;3),2,2040,410674252,11880875008,3891
GEMM(5;6;3),2,2040,399895230,11595028480,3686
GEMM(6;6;3),2,2040,387064410,11222756352,3072
GEMM(7;6;3),2,2040,405288602,11725509632,3277
TRSM_L(4;6),2,2040,122724091,3395406848,274118246
GEMM(5;6;4),2,2040,284140019,8299367424,3686
GEMM(6;6;4),2,2040,278145141,8051685376,3277
GEMM(7;6;4),2,2040,280004433,8056826880,3277
TRSM_L(5;6),2,2040,83266102,2329657344,107678310
GEMM(6;6;5),2,2040,225206487,6505917440,3891
GEMM(7;6;5),2,2040,235596530,6801514496,3482
GETRF(6),2,2040,4263607,108459008,0
TRSM_R(7;6),2,2040,7425527,173935616,0
TRSM_L(0;2),2,2040,129180825,3615443968,262437478
TRSM_L(0;6),2,2040,112988029,3204952064,3686
GEMM(1;2;0),2,2040,294492236,8430720000,3686
GEMM(1;6;0),2,2040,284896859,8363658240,3686
GEMM(2;2;0),2,2040,287775411,8339578880,3891
GEMM(2;6;0),2,2040,289205784,8226708480,3891
GEMM(3;2;0),2,2040,281843482,8247187456,3482
GEMM(3;6;0),2,2040,289661017,8254466048,3277
GEMM(4;2;0),2,2040,287675107,8315857920,3277
GEMM(4;6;0),2,2040,290537588,8383177728,3686
GEMM(5;2;0),2,2040,287799220,8357816320,3277
GEMM(5;6;0),2,2040,294835577,8358433792,3482
GEMM(6;2;0),2,2040,290925618,8489166848,3482
GEMM(6;6;0),2,2040,281813920,8220908544,3482
GEMM(7;2;0),2,2040,294002489,8368134144,3482
GEMM(7;6;0),2,2040,282385070,8223281152,3891
TRSM_L(1;2),2,2040,121752158,3472101376,97535795
TRSM_L(1;6),2,2040,151654207,4271058944,3686
GEMM(2;2;1),2,2040,308292001,8912174080,4096
GEMM(2;6;1),2,2040,299920330,8663570432,3891
GEMM(3;2;1),2,2040,316422492,9055306752,3482
GEMM(3;6;1),2,2040,314094581,9067570176,3482
GEMM(4;2;1),2,2040,315308779,9049905152,3072
GEMM(4;6;1),2,2040,284779738,8335861760,3482
GEMM(5;2;1),2,2040,236338137,6820689920,3277
GEMM(5;6;1),2,2040,270966652,7765672960,3482
GEMM(6;2;1),2,2040,222562030,6396349440,3482
GEMM(6;6;1),2,2040,250798421,7249597440,3482
GEMM(7;2;1),2,2040,225217597,6462255104,3686
GEMM(7;6;1),2,2040,254871042,7309561856,3482
GETRF(2),2,2040,3796319,108495872,0
TRSM_R(3;2),2,2040,7402740,173949952,0
TRSM_R(4;2),2,2040,6843096,173950976,0
TRSM_R(5;2),2,2040,7374642,173953024,0
TRSM_R(6;2),2,2040,7229023,173956096,0
TRSM_L(2;6),2,2040,7142377,162041856,0
TRSM_R(7;2),2,2040,7210210,173956096,0
GEMM(3;6;2),2,2040,12665215,321213440,0
GEMM(4;6;2),2,2040,12665194,321206272,0
GEMM(5;6;2),2,2040,13075518,321191936,0
GEMM(6;6;2),2,2040,12665561,321212416,0
GEMM(7;6;2),2,2040,12621455,321210368,0
TRSM_L(3;6),2,2040,139372256,3947674624,57264951091
GEMM(4;6;3),2,2040,424412572,12279883776,3891
GEMM(5;6;3),2,2040,421798206,12160249856,3686
GEMM(6;6;3),2,2040,422079862,12248127488,3072
GEMM(7;6;3),2,2040,401652138,11665999872,3277
TRSM_L(4;6),2,2040,129746496,3604916224,274118246
GEMM(5;6;4),2,2040,289777228,8417889280,3686
GEMM(6;6;4),2,2040,278968447,8101535744,3277
GEMM(7;6;4),2,2040,280493984,8063066112,3277
TRSM_L(5;6),2,2040,105176150,2971788288,107678310
GEMM(6;6;5),2,2040,280962774,8085063680,3891
GEMM(7;6;5),2,2040,264677779,7664016384,3482
GETRF(6),2,2040,5116089,108462080,0
TRSM_R(7;6),2,2040,7133548,173940736,0
TRSM_L(0;2),2,2040,118352762,3312942080,262437478
TRSM_L(0;6),2,2040,116883885,3339668480,3686
GEMM(1;2;0),2,2040,283779894,8193963008,3686
GEMM(1;6;0),2,2040,280066494,8045817856,3686
GEMM(2;2;0),2,2040,289402991,8281837568,3891
GEMM(2;6;0),2,2040,280514157,8107423744,3891
GEMM(3;2;0),2,2040,280674516,8172583936,3482
GEMM(3;6;0),2,2040,284350466,8017623040,3277
GEMM(4;2;0),2,2040,285840704,8376070144,3277
GEMM(4;6;0),2,2040,289892002,8363406336,3686
GEMM(5;2;0),2,2040,290483314,8391272448,3277
GEMM(5;6;0),2,2040,292196427,8326747136,3482
GEMM(6;2;0),2,2040,287437844,8331381760,3482
GEMM(6;6;0),2,2040,284509927,8256380928,3482
GEMM(7;2;0),2,2040,288508349,8220856320,3482
GEMM(7;6;0),2,2040,288078506,8396888064,3891
TRSM_L(1;2),2,2040,114676685,3225845760,97535795
TRSM_L(1;6),2,2040,125672647,3566868480,3686
GEMM(2;2;1),2,2040,294930751,8461306880,4096
GEMM(2;6;1),2,2040,312302719,9041581056,3891
GEMM(3;2;1),2,2040,311756370,8932415488,3482
GEMM(3;6;1),2,2040,325376126,9421724672,3482
GEMM(4;2;1),2,2040,315513131,9028173824,3072
GEMM(4;6;1),2,2040,257395161,7568427008,3482
GEMM(5;2;1),2,2040,273443167,7835473920,3277
GEMM(5;6;1),2,2040,278197422,7999763456,3482
GEMM(6;2;1),2,2040,246609240,7001277440,3482
GEMM(6;6;1),2,2040,264742623,7618277376,3482
GEMM(7;2;1),2,2040,267100827,7737848832,3686
GEMM(7;6;1),2,2040,270437929,7780104192,3482
GETRF(2),2,2040,4061398,108455936,0
TRSM_R(3;2),2,2040,7102739,173941760,0
TRSM_R(4;2),2,2040,7466873,173961216,0
TRSM_R(5;2),2,2040,6842827,173952000,0
TRSM_R(6;2),2,2040,7530454,173960192,0
TRSM_L(2;6),2,2040,6902251,162041856,0
TRSM_R(7;2),2,2040,7244007,173963264,0
GEMM(3;6;2),2,2040,12646137,321229824,0
GEMM(4;6;2),2,2040,13047494,321225728,0
GEMM(5;6;2),2,2040,12743406,321205248,0
GEMM(6;6;2),2,2040,12886243,321216512,0
GEMM(7;6;2),2,2040,12475325,321209344,0
TRSM_L(3;6),2,2040,144626532,4123248640,57264951091
GEMM(4;6;3),2,2040,396995169,11471026176,3891
GEMM(5;6;3),2,2040,392745593,11405238272,3686
GEMM(6;6;3),2,2040,397637549,11406275584,3072
GEMM(7;6;3),2,2040,412257488,12090103808,3277
TRSM_L(4;6),2,2040,124297695,3393889280,274118246
GEMM(5;6;4),2,2040,280526356,8209637376,3686
GEMM(6;6;4),2,2040,285340203,8168134656,3277
GEMM(7;6;4),2,2040,282254169,8255514624,3277
TRSM_L(5;6),2,2040,83581369,2279611392,107678310
GEMM(6;6;5),2,2040,235611496,6844531712,3891
GEMM(7;6;5),2,2040,217933384,6248893440,3482
GETRF(6),2,2040,3131290,108430336,0
TRSM_R(7;6),2,2040,7040188,173946880,0
TRSM_L(0;3),3,2040,117287593,3407377408,262458368
TRSM_L(0;7),3,2040,117714274,3241849856,3482
GEMM(1;3;0),3,2040,275594878,8199911424,3891
GEMM(1;7;0),3,2040,285758643,8383482880,3686
GEMM(2;3;0),3,2040,278344112,8165921792,3686
GEMM(2;7;0),3,2040,277629335,7958543360,3686
GEMM(3;3;0),3,2040,281611730,8278993920,3482
GEMM(3;7;0),3,2040,267740125,8068640768,3072
GEMM(4;3;0),3,2040,281009300,8238972928,3891
GEMM(4;7;0),3,2040,276487309,8390576128,3482
GEMM(5;3;0),3,2040,278054228,8163506176,3277
GEMM(5;7;0),3,2040,274475214,8221719552,3482
GEMM(6;3;0),3,2040,280662984,8328659968,3482
GEMM(6;7;0),3,2040,276313598,8116969472,3277
GEMM(7;3;0),3,2040,269648396,8054742016,3686
GEMM(7;7;0),3,2040,271893567,8144392192,3482
TRSM_L(1;3),3,2040,107976962,3222893568,101547622
TRSM_L(1;7),3,2040,117944911,3440101376,4096
GEMM(2;3;1),3,2040,315202171,9238943744,4096
GEMM(2;7;1),3,2040,305008822,9026405376,3686
GEMM(3;3;1),3,2040,321427451,9578101760,3686
GEMM(3;7;1),3,2040,306452324,9021861888,3686
GEMM(4;3;1),3,2040,299071794,8948569088,3072
GEMM(4;7;1),3,2040,245864019,7148696576,3277
GEMM(5;3;1),3,2040,238740907,7146297344,3891
GEMM(5;7;1),3,2040,260130490,7612659712,3277
GEMM(6;3;1),3,2040,265056238,7758829568,3277
GEMM(6;7;1),3,2040,261104565,7733009408,3482
GEMM(7;3;1),3,2040,251708711,7417126912,3277
GEMM(7;7;1),3,2040,222687402,6528714752,3072
TRSM_L(2;3),3,2040,134241193,3892416512,103727104
TRSM_L(2;7),3,2040,195443252,5582568448,3891
GEMM(3;3;2),3,2040,358500575,10714173440,3891
GEMM(3;7;2),3,2040,373177559,10751932416,3482
GEMM(4;3;2),3,2040,376234836,11105495040,3277
GEMM(4;7;2),3,2040,363295588,10873029632,3686
GEMM(5;3;2),3,2040,156146044,4710581248,3686
GEMM(5;7;2),3,2040,15373488,395792384,3482
GEMM(6;3;2),3,2040,15183483,395633664,3686
GEMM(6;7;2),3,2040,15650185,394895360,3277
GEMM(7;3;2),3,2040,14690553,395563008,3891
GEMM(7;7;2),3,2040,15678468,395415552,3482
GETRF(3),3,2040,4633358,108911616,0
TRSM_R(4;3),3,2040,6938263,174162944,0
TRSM_R(5;3),3,2040,7090224,174511104,0
TRSM_R(6;3),3,2040,7125210,174502912,0
TRSM_R(7;3),3,2040,6939332,174537728,0
TRSM_L(3;7),3,2040,7031368,162973696,0
GEMM(4;7;3),3,2040,12683005,321442816,0
GEMM(5;7;3),3,2040,12346653,321594368,0
GEMM(6;7;3),3,2040,12330107,321568768,0
GEMM(7;7;3),3,2040,12362118,321544192,0
TRSM_L(4;7),3,2040,118309736,3365378048,48967771750
GEMM(5;7;4),3,2040,276770085,8232123392,3482
GEMM(6;7;4),3,2040,279252916,8164942848,3686
GEMM(7;7;4),3,2040,268819980,8041383936,3482
TRSM_L(5;7),3,2040,96551127,2821039104,106660045
GEMM(6;7;5),3,2040,240496756,7076227072,3686
GEMM(7;7;5),3,2040,240777543,7118263296,3686
TRSM_L(6;7),3,2040,9558053,242988032,107551539
GEMM(7;7;6),3,2040,15537390,395276288,3686
GETRF(7),3,2040,4242940,109106176,0
TRSM_L(0;3),3,2040,111379366,3239236608,262458368
TRSM_L(0;7),3,2040,112810327,3190320128,3482
GEMM(1;3;0),3,2040,281886588,8396085248,3891
GEMM(1;7;0),3,2040,285095948,8304707584,3686
GEMM(2;3;0),3,2040,286046836,8474808320,3686
GEMM(2;7;0),3,2040,284411664,8336328704,3686
GEMM(3;3;0),3,2040,282779376,8404646912,3482
GEMM(3;7;0),3,2040,277983655,8191005696,3072
GEMM(4;3;0),3,2040,287572462,8368036864,3891
GEMM(4;7;0),3,2040,281448094,8335864832,3482
GEMM(5;3;0),3,2040,276927585,8192071680,3277
GEMM(5;7;0),3,2040,276911435,8180298752,3482
GEMM(6;3;0),3,2040,283112468,8313884672,3482
GEMM(6;7;0),3,2040,279591961,8168194048,3277
GEMM(7;3;0),3,2040,279434989,8307255296,3686
GEMM(7;7;0),3,2040,279100133,8275557376,3482
TRSM_L(1;3),3,2040,116943986,3418782720,101547622
TRSM_L(1;7),3,2040,120357955,3474149376,4096
GEMM(2;3;1),3,2040,308425261,8977209344,4096
GEMM(2;7;1),3,2040,316543900,9388901376,3686
GEMM(3;3;1),3,2040,320095951,9497781248,3686
GEMM(3;7;1),3,2040,292435348,8543102976,3686
GEMM(4;3;1),3,2040,306260049,9091535872,3072
GEMM(4;7;1),3,2040,240988451,7038234624,3277
GEMM(5;3;1),3,2040,234465840,6830458880,3891
GEMM(5;7;1),3,2040,264980660,7873808384,3277
GEMM(6;3;1),3,2040,249017383,7284166656,3277
GEMM(6;7;1),3,2040,231556947,6803616768,3482
GEMM(7;3;1),3,2040,271811069,8045577216,3277
GEMM(7;7;1),3,2040,233817674,6888267776,3072
TRSM_L(2;3),3,2040,133666044,3906741248,103727104
TRSM_L(2;7),3,2040,205197771,5781345280,3891
GEMM(3;3;2),3,2040,358046216,10570603520,3891
GEMM(3;7;2),3,2040,373150189,10885188608,3482
GEMM(4;3;2),3,2040,372854529,10937338880,3277
GEMM(4;7;2),3,2040,363357301,10892045312,3686
GEMM(5;3;2),3,2040,155566630,4695755776,3686
GEMM(5;7;2),3,2040,15462707,395355136,3482
GEMM(6;3;2),3,2040,15244128,395383808,3686
GEMM(6;7;2),3,2040,14861798,395145216,3277
GEMM(7;3;2),3,2040,15639352,395446272,3891
GEMM(7;7;2),3,2040,15279511,395370496,3482
GETRF(3),3,2040,4588478,109077504,0
TRSM_R(4;3),3,2040,7050785,174123008,0
TRSM_R(5;3),3,2040,7258086,174566400,0
TRSM_R(6;3),3,2040,6682014,174540800,0
TRSM_R(7;3),3,2040,7112275,174547968,0
TRSM_L(3;7),3,2040,7108290,162595840,0
GEMM(4;7;3),3,2040,12452987,321525760,0
GEMM(5;7;3),3,2040,12551977,321636352,0
GEMM(6;7;3),3,2040,12406489,321658880,0
GEMM(7;7;3),3,2040,12384957,321639424,0
TRSM_L(4;7),3,2040,112915674,3303178240,48967771750
GEMM(5;7;4),3,2040,282054762,8328330240,3482
GEMM(6;7;4),3,2040,291898576,8547846144,3686
GEMM(7;7;4),3,2040,282647127,8396836864,3482
TRSM_L(5;7),3,2040,81611802,2325085184,106660045
GEMM(6;7;5),3,2040,241991438,7183436800,3686
GEMM(7;7;5),3,2040,199301789,5849914368,3686
TRSM_L(6;7),3,2040,9490169,243122176,107551539
GEMM(7;7;6),3,2040,15829040,396204032,3686
GETRF(7),3,2040,4153440,109151232,0
TRSM_L(0;3),3,2040,114971418,3358600192,262458368
TRSM_L(0;7),3,2040,116359392,3368010752,3482
GEMM(1;3;0),3,2040,282596108,8340570112,3891
GEMM(1;7;0),3,2040,284695433,8315322368,3686
GEMM(2;3;0),3,2040,284589132,8421885952,3686
GEMM(2;7;0),3,2040,289827045,8523814912,3686
GEMM(3;3;0),3,2040,280531325,8224274432,3482
GEMM(3;7;0),3,2040,282298796,8372455424,3072
GEMM(4;3;0),3,2040,284944513,8373033984,3891
GEMM(4;7;0),3,2040,294827568,8618735616,3482
GEMM(5;3;0),3,2040,279773036,8293295104,3277
GEMM(5;7;0),3,2040,290626886,8443579392,3482
GEMM(6;3;0),3,2040,276134256,8222727168,3482
GEMM(6;7;0),3,2040,285995109,8489999360,3277
GEMM(7;3;0),3,2040,284853858,8321242112,3686
GEMM(7;7;0),3,2040,282182436,8322022400,3482
TRSM_L(1;3),3,2040,116107651,3404877824,101547622
TRSM_L(1;7),3,2040,127927858,3647657984,4096
GEMM(2;3;1),3,2040,294430099,8694713344,4096
GEMM(2;7;1),3,2040,292752771,8684080128,3686
GEMM(3;3;1),3,2040,320182126,9384657920,3686
GEMM(3;7;1),3,2040,313889016,9098806272,3686
GEMM(4;3;1),3,2040,297533832,8832004096,3072
GEMM(4;7;1),3,2040,244162196,7207668736,3277
GEMM(5;3;1),3,2040,233020320,6873262080,3891
GEMM(5;7;1),3,2040,272283290,7997385728,3277
GEMM(6;3;1),3,2040,265495500,7828135936,3277
GEMM(6;7;1),3,2040,215909118,6272647168,3482
GEMM(7;3;1),3,2040,221080559,6606695424,3277
GEMM(7;7;1),3,2040,232508797,6766259200,3072
TRSM_L(2;3),3,2040,128452414,3756408832,103727104
TRSM_L(2;7),3,2040,197115088,5652344832,3891
GEMM(3;3;2),3,2040,377749856,11079706624,3891
GEMM(3;7;2),3,2040,363371577,10687360000,3482
GEMM(4;3;2),3,2040,373222859,10934472704,3277
GEMM(4;7;2),3,2040,363842775,10869331968,3686
GEMM(5;3;2),3,2040,156909588,4661657600,3686
GEMM(5;7;2),3,2040,14908568,396169216,3482
GEMM(6;3;2),3,2040,14996350,395167744,3686
GEMM(6;7;2),3,2040,15648249,395427840,3277
GEMM(7;3;2),3,2040,15059550,395598848,3891
GEMM(7;7;2),3,2040,15591460,395846656,3482
GETRF(3),3,2040,4760804,109189120,0
TRSM_R(4;3),3,2040,6978987,174169088,0
TRSM_R(5;3),3,2040,7008644,174134272,0
TRSM_R(6;3),3,2040,7078821,174149632,0
TRSM_R(7;3),3,2040,6882385,174575616,0
TRSM_L(3;7),3,2040,7098840,162849792,0
GEMM(4;7;3),3,2040,12424910,321544192,0
GEMM(5;7;3),3,2040,12759869,321718272,0
GEMM(6;7;3),3,2040,12327229,321666048,0
GEMM(7;7;3),3,2040,12203315,321625088,0
TRSM_L(4;7),3,2040,119029959,3394855936,48967771750
GEMM(5;7;4),3,2040,281402992,8299324416,3482
GEMM(6;7;4),3,2040,271639989,8051606528,3686
GEMM(7;7;4),3,2040,272237844,8056945664,3482
TRSM_L(5;7),3,2040,81137399,2332467200,106660045
GEMM(6;7;5),3,2040,220561785,6507351040,3686
GEMM(7;7;5),3,2040,230892882,6800625664,3686
TRSM_L(6;7),3,2040,9547808,243240960,107551539
GEMM(7;7;6),3,2040,15790263,396080128,3686
GETRF(7),3,2040,4156801,109062144,0
TRSM_L(0;3),3,2040,123392643,3615221760,262458368
TRSM_L(0;7),3,2040,111256085,3203913728,3482
GEMM(1;3;0),3,2040,288234628,8430562304,3891
GEMM(1;7;0),3,2040,282713695,8363356160,3686
GEMM(2;3;0),3,2040,280316582,8339252224,3686
GEMM(2;7;0),3,2040,281002696,8226668544,3686
GEMM(3;3;0),3,2040,278780940,8247432192,3482
GEMM(3;7;0),3,2040,278566119,8253876224,3072
GEMM(4;3;0),3,2040,284717792,8314907648,3891
GEMM(4;7;0),3,2040,288421096,8384192512,3482
GEMM(5;3;0),3,2040,281950610,8357619712,3277
GEMM(5;7;0),3,2040,280198532,8358583296,3482
GEMM(6;3;0),3,2040,288343342,8489993216,3482
GEMM(6;7;0),3,2040,283242240,8220848128,3277
GEMM(7;3;0),3,2040,281287669,8367841280,3686
GEMM(7;7;0),3,2040,277932166,8223922176,3482
TRSM_L(1;3),3,2040,120318634,3472423936,101547622
TRSM_L(1;7),3,2040,147904485,4271899648,4096
GEMM(2;3;1),3,2040,302164785,8913404928,4096
GEMM(2;7;1),3,2040,292633890,8664893440,3686
GEMM(3;3;1),3,2040,308798973,9055746048,3686
GEMM(3;7;1),3,2040,308796034,9068012544,3686
GEMM(4;3;1),3,2040,308314422,9050889216,3072
GEMM(4;7;1),3,2040,279057604,8332746752,3277
GEMM(5;3;1),3,2040,230921944,6822323200,3891
GEMM(5;7;1),3,2040,268166746,7769136128,3277
GEMM(6;3;1),3,2040,218148813,6397432832,3277
GEMM(6;7;1),3,2040,244456494,7252813824,3482
GEMM(7;3;1),3,2040,221779118,6465842176,3277
GEMM(7;7;1),3,2040,245166138,7298571264,3072
TRSM_L(2;3),3,2040,137621080,4043360256,103727104
TRSM_L(2;7),3,2040,198033340,5628519424,3891
GEMM(3;3;2),3,2040,361890772,10756245504,3891
GEMM(3;7;2),3,2040,369556652,10713655296,3482
GEMM(4;3;2),3,2040,364878462,10961172480,3277
GEMM(4;7;2),3,2040,369152985,10869574656,3686
GEMM(5;3;2),3,2040,160375404,4730150912,3686
GEMM(5;7;2),3,2040,15531408,394680320,3482
GEMM(6;3;2),3,2040,14633189,394550272,3686
GEMM(6;7;2),3,2040,15714388,394983424,3277
GEMM(7;3;2),3,2040,15040296,395456512,3891
GEMM(7;7;2),3,2040,15837175,395327488,3482
GETRF(3),3,2040,4276845,109048832,0
TRSM_R(4;3),3,2040,7316422,174114816,0
TRSM_R(5;3),3,2040,6734277,174574592,0
TRSM_R(6;3),3,2040,7235346,174640128,0
TRSM_R(7;3),3,2040,7131358,174532608,0
TRSM_L(3;7),3,2040,6569674,162621440,0
GEMM(4;7;3),3,2040,12748439,321485824,0
GEMM(5;7;3),3,2040,12641976,321665024,0
GEMM(6;7;3),3,2040,12350212,321653760,0
GEMM(7;7;3),3,2040,12477515,321625088,0
TRSM_L(4;7),3,2040,125749837,3605019648,48967771750
GEMM(5;7;4),3,2040,282427528,8418089984,3482
GEMM(6;7;4),3,2040,274107464,8101703680,3686
GEMM(7;7;4),3,2040,273479708,8063191040,3482
TRSM_L(5;7),3,2040,101717188,2969299968,106660045
GEMM(6;7;5),3,2040,274209210,8083407872,3686
GEMM(7;7;5),3,2040,259875989,7665495040,3686
TRSM_L(6;7),3,2040,9700493,243194880,107551539
GEMM(7;7;6),3,2040,15289082,395172864,3686
GETRF(7),3,2040,4904585,109162496,0
TRSM_L(0;3),3,2040,113241286,3312446464,262458368
TRSM_L(0;7),3,2040,118077310,3338762240,3482
GEMM(1;3;0),3,2040,275101327,8194076672,3891
GEMM(1;7;0),3,2040,274963622,8045275136,3686
GEMM(2;3;0),3,2040,279042226,8281907200,3686
GEMM(2;7;0),3,2040,277306328,8107453440,3686
GEMM(3;3;0),3,2040,277848476,8172552192,3482
GEMM(3;7;0),3,2040,271317229,8017971200,3072
GEMM(4;3;0),3,2040,284993018,8376171520,3891
GEMM(4;7;0),3,2040,284907420,8363022336,3482
GEMM(5;3;0),3,2040,282190910,8390892544,3277
GEMM(5;7;0),3,2040,282806186,8326627328,3482
GEMM(6;3;0),3,2040,281224970,8331603968,3482
GEMM(6;7;0),3,2040,282049095,8256545792,3277
GEMM(7;3;0),3,2040,281059187,8220502016,3686
GEMM(7;7;0),3,2040,282046702,8397297664,3482
TRSM_L(1;3),3,2040,112787793,3226377216,101547622
TRSM_L(1;7),3,2040,120670467,3569253376,4096
GEMM(2;3;1),3,2040,291483004,8462842880,4096
GEMM(2;7;1),3,2040,305014078,9042726912,3686
GEMM(3;3;1),3,2040,303875890,8933931008,3686
GEMM(3;7;1),3,2040,320460546,9423393792,3686
GEMM(4;3;1),3,2040,305114124,9029009408,3072
GEMM(4;7;1),3,2040,256132706,7563547648,3277
GEMM(5;3;1),3,2040,268882377,7837850624,3891
GEMM(5;7;1),3,2040,271973147,7999565824,3277
GEMM(6;3;1),3,2040,238584037,7007527936,3277
GEMM(6;7;1),3,2040,257872785,7614707712,3482
GEMM(7;3;1),3,2040,262625970,7742499840,3277
GEMM(7;7;1),3,2040,263586748,7770501120,3072
TRSM_L(2;3),3,2040,138754133,4024882176,103727104
TRSM_L(2;7),3,2040,203097960,5859307520,3891
GEMM(3;3;2),3,2040,372808974,10796637184,3891
GEMM(3;7;2),3,2040,371701819,11133936640,3482
GEMM(4;3;2),3,2040,379981705,11069167616,3277
GEMM(4;7;2),3,2040,369364234,10831821824,3686
GEMM(5;3;2),3,2040,151727418,4725199872,3686
GEMM(5;7;2),3,2040,15126186,395872256,3482
GEMM(6;3;2),3,2040,15310194,395019264,3686
GEMM(6;7;2),3,2040,15539679,395897856,3277
GEMM(7;3;2),3,2040,14756701,395393024,3891
GEMM(7;7;2),3,2040,16024071,396162048,3482
GETRF(3),3,2040,4521892,109110272,0
TRSM_R(4;3),3,2040,6758525,174141440,0
TRSM_R(5;3),3,2040,7298188,174526464,0
TRSM_R(6;3),3,2040,6785077,174581760,0
TRSM_R(7;3),3,2040,7336552,174600192,0
TRSM_L(3;7),3,2040,6828349,162747392,0
GEMM(4;7;3),3,2040,12709078,321446912,0
GEMM(5;7;3),3,2040,12225534,321719296,0
GEMM(6;7;3),3,2040,12572635,321688576,0
GEMM(7;7;3),3,2040,12562620,321644544,0
TRSM_L(4;7),3,2040,116685095,3393422336,48967771750
GEMM(5;7;4),3,2040,279923238,8209072128,3482
GEMM(6;7;4),3,2040,274417901,8167693312,3686
GEMM(7;7;4),3,2040,279468119,8255864832,3482
TRSM_L(5;7),3,2040,80598285,2284387328,106660045
GEMM(6;7;5),3,2040,230928107,6843223040,3686
GEMM(7;7;5),3,2040,210752592,6248326144,3686
TRSM_L(6;7),3,2040,9628041,243435520,107551539
GEMM(7;7;6),3,2040,15565302,395889664,3686
GETRF(7),3,2040,4587254,109127680,0
